start,end,type,confidence
HYP_960d26,EXP_c30439,hypothesis_to_experiment,0.7
HYP_960d26,EXP_3ed20e,hypothesis_to_experiment,0.7
HYP_960d26,EXP_e84a33,hypothesis_to_experiment,0.7
HYP_960d26,EXP_9425c9,hypothesis_to_experiment,0.7
HYP_960d26,EXP_553e8d,hypothesis_to_experiment,0.7
HYP_960d26,EXP_7880ef,hypothesis_to_experiment,0.7
HYP_960d26,EXP_1e6f84,hypothesis_to_experiment,0.7
HYP_960d26,EXP_39f76d,hypothesis_to_experiment,0.7
HYP_960d26,EXP_85402b,hypothesis_to_experiment,0.7
HYP_960d26,EXP_896fd8,hypothesis_to_experiment,0.7
HYP_960d26,EXP_5b0810,hypothesis_to_experiment,0.7
HYP_960d26,EXP_fb6473,hypothesis_to_experiment,0.7
HYP_960d26,EXP_297549,hypothesis_to_experiment,0.7
HYP_960d26,EXP_ce1fe7,hypothesis_to_experiment,0.7
HYP_960d26,EXP_ba47a6,hypothesis_to_experiment,0.7
HYP_960d26,EXP_0c2d4a,hypothesis_to_experiment,0.7
HYP_960d26,EXP_e268bf,hypothesis_to_experiment,0.7
HYP_960d26,EXP_1ce55f,hypothesis_to_experiment,0.7
HYP_960d26,EXP_3f7733,hypothesis_to_experiment,0.7
HYP_960d26,EXP_73528a,hypothesis_to_experiment,0.7
HYP_960d26,EXP_68a3fa,hypothesis_to_experiment,0.7
EXP_c30439,DAT_409b58,experiment_to_dataset,0.7
EXP_c30439,DAT_a57533,experiment_to_dataset,0.7
EXP_c30439,DAT_1be135,experiment_to_dataset,0.7
EXP_c30439,DAT_d0f272,experiment_to_dataset,0.7
EXP_c30439,DAT_fc35a8,experiment_to_dataset,0.7
EXP_c30439,DAT_ddaef4,experiment_to_dataset,0.7
EXP_c30439,DAT_2ef710,experiment_to_dataset,0.7
EXP_c30439,DAT_831141,experiment_to_dataset,0.7
EXP_c30439,DAT_eeaa7d,experiment_to_dataset,0.7
EXP_c30439,DAT_779fa5,experiment_to_dataset,0.7
EXP_c30439,DAT_81cfc7,experiment_to_dataset,0.7
EXP_c30439,DAT_7b0b32,experiment_to_dataset,0.7
EXP_c30439,DAT_451967,experiment_to_dataset,0.7
EXP_c30439,DAT_d88a4b,experiment_to_dataset,0.7
EXP_c30439,DAT_461690,experiment_to_dataset,0.7
EXP_c30439,DAT_bc7d78,experiment_to_dataset,0.7
EXP_c30439,DAT_424973,experiment_to_dataset,0.7
EXP_c30439,DAT_8cf8ac,experiment_to_dataset,0.7
EXP_c30439,DAT_c53843,experiment_to_dataset,0.7
EXP_c30439,DAT_0bd55f,experiment_to_dataset,0.7
EXP_c30439,DAT_db1b88,experiment_to_dataset,0.7
EXP_c30439,DAT_7858c5,experiment_to_dataset,0.7
EXP_c30439,DAT_128e7a,experiment_to_dataset,0.7
EXP_c30439,DAT_48101b,experiment_to_dataset,0.7
EXP_c30439,DAT_474bd6,experiment_to_dataset,0.7
EXP_c30439,DAT_68672b,experiment_to_dataset,0.7
EXP_c30439,DAT_b5778b,experiment_to_dataset,0.7
EXP_c30439,DAT_aadaa6,experiment_to_dataset,0.7
EXP_c30439,DAT_4f7f37,experiment_to_dataset,0.7
EXP_c30439,DAT_60c8bb,experiment_to_dataset,0.7
EXP_c30439,DAT_5391a0,experiment_to_dataset,0.7
EXP_c30439,DAT_67299e,experiment_to_dataset,0.7
EXP_c30439,DAT_65a6c1,experiment_to_dataset,0.7
EXP_c30439,DAT_33d66d,experiment_to_dataset,0.7
EXP_c30439,DAT_c3b81e,experiment_to_dataset,0.7
EXP_c30439,DAT_45398e,experiment_to_dataset,0.7
EXP_c30439,DAT_9ee783,experiment_to_dataset,0.7
EXP_c30439,DAT_c850d3,experiment_to_dataset,0.7
EXP_c30439,DAT_122ba2,experiment_to_dataset,0.7
EXP_c30439,DAT_bbc354,experiment_to_dataset,0.7
EXP_c30439,DAT_d277a2,experiment_to_dataset,0.7
EXP_c30439,DAT_ebb56b,experiment_to_dataset,0.7
EXP_c30439,DAT_5598ed,experiment_to_dataset,0.7
EXP_c30439,DAT_2bfd93,experiment_to_dataset,0.7
EXP_c30439,DAT_4c0201,experiment_to_dataset,0.7
EXP_c30439,DAT_586a3c,experiment_to_dataset,0.7
EXP_c30439,DAT_91b96a,experiment_to_dataset,0.7
EXP_c30439,DAT_0b0253,experiment_to_dataset,0.7
EXP_c30439,DAT_1321be,experiment_to_dataset,0.7
EXP_c30439,DAT_ba9389,experiment_to_dataset,0.7
EXP_c30439,DAT_57c632,experiment_to_dataset,0.7
EXP_c30439,DAT_2fa2f1,experiment_to_dataset,0.7
EXP_c30439,DAT_c9fb10,experiment_to_dataset,0.7
EXP_3ed20e,DAT_409b58,experiment_to_dataset,0.7
EXP_3ed20e,DAT_a57533,experiment_to_dataset,0.7
EXP_3ed20e,DAT_1be135,experiment_to_dataset,0.7
EXP_3ed20e,DAT_d0f272,experiment_to_dataset,0.7
EXP_3ed20e,DAT_fc35a8,experiment_to_dataset,0.7
EXP_3ed20e,DAT_ddaef4,experiment_to_dataset,0.7
EXP_3ed20e,DAT_2ef710,experiment_to_dataset,0.7
EXP_3ed20e,DAT_831141,experiment_to_dataset,0.7
EXP_3ed20e,DAT_eeaa7d,experiment_to_dataset,0.7
EXP_3ed20e,DAT_779fa5,experiment_to_dataset,0.7
EXP_3ed20e,DAT_81cfc7,experiment_to_dataset,0.7
EXP_3ed20e,DAT_7b0b32,experiment_to_dataset,0.7
EXP_3ed20e,DAT_451967,experiment_to_dataset,0.7
EXP_3ed20e,DAT_d88a4b,experiment_to_dataset,0.7
EXP_3ed20e,DAT_461690,experiment_to_dataset,0.7
EXP_3ed20e,DAT_bc7d78,experiment_to_dataset,0.7
EXP_3ed20e,DAT_424973,experiment_to_dataset,0.7
EXP_3ed20e,DAT_8cf8ac,experiment_to_dataset,0.7
EXP_3ed20e,DAT_c53843,experiment_to_dataset,0.7
EXP_3ed20e,DAT_0bd55f,experiment_to_dataset,0.7
EXP_3ed20e,DAT_db1b88,experiment_to_dataset,0.7
EXP_3ed20e,DAT_7858c5,experiment_to_dataset,0.7
EXP_3ed20e,DAT_128e7a,experiment_to_dataset,0.7
EXP_3ed20e,DAT_48101b,experiment_to_dataset,0.7
EXP_3ed20e,DAT_474bd6,experiment_to_dataset,0.7
EXP_3ed20e,DAT_68672b,experiment_to_dataset,0.7
EXP_3ed20e,DAT_b5778b,experiment_to_dataset,0.7
EXP_3ed20e,DAT_aadaa6,experiment_to_dataset,0.7
EXP_3ed20e,DAT_4f7f37,experiment_to_dataset,0.7
EXP_3ed20e,DAT_60c8bb,experiment_to_dataset,0.7
EXP_3ed20e,DAT_5391a0,experiment_to_dataset,0.7
EXP_3ed20e,DAT_67299e,experiment_to_dataset,0.7
EXP_3ed20e,DAT_65a6c1,experiment_to_dataset,0.7
EXP_3ed20e,DAT_33d66d,experiment_to_dataset,0.7
EXP_3ed20e,DAT_c3b81e,experiment_to_dataset,0.7
EXP_3ed20e,DAT_45398e,experiment_to_dataset,0.7
EXP_3ed20e,DAT_9ee783,experiment_to_dataset,0.7
EXP_3ed20e,DAT_c850d3,experiment_to_dataset,0.7
EXP_3ed20e,DAT_122ba2,experiment_to_dataset,0.7
EXP_3ed20e,DAT_bbc354,experiment_to_dataset,0.7
EXP_3ed20e,DAT_d277a2,experiment_to_dataset,0.7
EXP_3ed20e,DAT_ebb56b,experiment_to_dataset,0.7
EXP_3ed20e,DAT_5598ed,experiment_to_dataset,0.7
EXP_3ed20e,DAT_2bfd93,experiment_to_dataset,0.7
EXP_3ed20e,DAT_4c0201,experiment_to_dataset,0.7
EXP_3ed20e,DAT_586a3c,experiment_to_dataset,0.7
EXP_3ed20e,DAT_91b96a,experiment_to_dataset,0.7
EXP_3ed20e,DAT_0b0253,experiment_to_dataset,0.7
EXP_3ed20e,DAT_1321be,experiment_to_dataset,0.7
EXP_3ed20e,DAT_ba9389,experiment_to_dataset,0.7
EXP_3ed20e,DAT_57c632,experiment_to_dataset,0.7
EXP_3ed20e,DAT_2fa2f1,experiment_to_dataset,0.7
EXP_3ed20e,DAT_c9fb10,experiment_to_dataset,0.7
EXP_e84a33,DAT_409b58,experiment_to_dataset,0.7
EXP_e84a33,DAT_a57533,experiment_to_dataset,0.7
EXP_e84a33,DAT_1be135,experiment_to_dataset,0.7
EXP_e84a33,DAT_d0f272,experiment_to_dataset,0.7
EXP_e84a33,DAT_fc35a8,experiment_to_dataset,0.7
EXP_e84a33,DAT_ddaef4,experiment_to_dataset,0.7
EXP_e84a33,DAT_2ef710,experiment_to_dataset,0.7
EXP_e84a33,DAT_831141,experiment_to_dataset,0.7
EXP_e84a33,DAT_eeaa7d,experiment_to_dataset,0.7
EXP_e84a33,DAT_779fa5,experiment_to_dataset,0.7
EXP_e84a33,DAT_81cfc7,experiment_to_dataset,0.7
EXP_e84a33,DAT_7b0b32,experiment_to_dataset,0.7
EXP_e84a33,DAT_451967,experiment_to_dataset,0.7
EXP_e84a33,DAT_d88a4b,experiment_to_dataset,0.7
EXP_e84a33,DAT_461690,experiment_to_dataset,0.7
EXP_e84a33,DAT_bc7d78,experiment_to_dataset,0.7
EXP_e84a33,DAT_424973,experiment_to_dataset,0.7
EXP_e84a33,DAT_8cf8ac,experiment_to_dataset,0.7
EXP_e84a33,DAT_c53843,experiment_to_dataset,0.7
EXP_e84a33,DAT_0bd55f,experiment_to_dataset,0.7
EXP_e84a33,DAT_db1b88,experiment_to_dataset,0.7
EXP_e84a33,DAT_7858c5,experiment_to_dataset,0.7
EXP_e84a33,DAT_128e7a,experiment_to_dataset,0.7
EXP_e84a33,DAT_48101b,experiment_to_dataset,0.7
EXP_e84a33,DAT_474bd6,experiment_to_dataset,0.7
EXP_e84a33,DAT_68672b,experiment_to_dataset,0.7
EXP_e84a33,DAT_b5778b,experiment_to_dataset,0.7
EXP_e84a33,DAT_aadaa6,experiment_to_dataset,0.7
EXP_e84a33,DAT_4f7f37,experiment_to_dataset,0.7
EXP_e84a33,DAT_60c8bb,experiment_to_dataset,0.7
EXP_e84a33,DAT_5391a0,experiment_to_dataset,0.7
EXP_e84a33,DAT_67299e,experiment_to_dataset,0.7
EXP_e84a33,DAT_65a6c1,experiment_to_dataset,0.7
EXP_e84a33,DAT_33d66d,experiment_to_dataset,0.7
EXP_e84a33,DAT_c3b81e,experiment_to_dataset,0.7
EXP_e84a33,DAT_45398e,experiment_to_dataset,0.7
EXP_e84a33,DAT_9ee783,experiment_to_dataset,0.7
EXP_e84a33,DAT_c850d3,experiment_to_dataset,0.7
EXP_e84a33,DAT_122ba2,experiment_to_dataset,0.7
EXP_e84a33,DAT_bbc354,experiment_to_dataset,0.7
EXP_e84a33,DAT_d277a2,experiment_to_dataset,0.7
EXP_e84a33,DAT_ebb56b,experiment_to_dataset,0.7
EXP_e84a33,DAT_5598ed,experiment_to_dataset,0.7
EXP_e84a33,DAT_2bfd93,experiment_to_dataset,0.7
EXP_e84a33,DAT_4c0201,experiment_to_dataset,0.7
EXP_e84a33,DAT_586a3c,experiment_to_dataset,0.7
EXP_e84a33,DAT_91b96a,experiment_to_dataset,0.7
EXP_e84a33,DAT_0b0253,experiment_to_dataset,0.7
EXP_e84a33,DAT_1321be,experiment_to_dataset,0.7
EXP_e84a33,DAT_ba9389,experiment_to_dataset,0.7
EXP_e84a33,DAT_57c632,experiment_to_dataset,0.7
EXP_e84a33,DAT_2fa2f1,experiment_to_dataset,0.7
EXP_e84a33,DAT_c9fb10,experiment_to_dataset,0.7
EXP_9425c9,DAT_409b58,experiment_to_dataset,0.7
EXP_9425c9,DAT_a57533,experiment_to_dataset,0.7
EXP_9425c9,DAT_1be135,experiment_to_dataset,0.7
EXP_9425c9,DAT_d0f272,experiment_to_dataset,0.7
EXP_9425c9,DAT_fc35a8,experiment_to_dataset,0.7
EXP_9425c9,DAT_ddaef4,experiment_to_dataset,0.7
EXP_9425c9,DAT_2ef710,experiment_to_dataset,0.7
EXP_9425c9,DAT_831141,experiment_to_dataset,0.7
EXP_9425c9,DAT_eeaa7d,experiment_to_dataset,0.7
EXP_9425c9,DAT_779fa5,experiment_to_dataset,0.7
EXP_9425c9,DAT_81cfc7,experiment_to_dataset,0.7
EXP_9425c9,DAT_7b0b32,experiment_to_dataset,0.7
EXP_9425c9,DAT_451967,experiment_to_dataset,0.7
EXP_9425c9,DAT_d88a4b,experiment_to_dataset,0.7
EXP_9425c9,DAT_461690,experiment_to_dataset,0.7
EXP_9425c9,DAT_bc7d78,experiment_to_dataset,0.7
EXP_9425c9,DAT_424973,experiment_to_dataset,0.7
EXP_9425c9,DAT_8cf8ac,experiment_to_dataset,0.7
EXP_9425c9,DAT_c53843,experiment_to_dataset,0.7
EXP_9425c9,DAT_0bd55f,experiment_to_dataset,0.7
EXP_9425c9,DAT_db1b88,experiment_to_dataset,0.7
EXP_9425c9,DAT_7858c5,experiment_to_dataset,0.7
EXP_9425c9,DAT_128e7a,experiment_to_dataset,0.7
EXP_9425c9,DAT_48101b,experiment_to_dataset,0.7
EXP_9425c9,DAT_474bd6,experiment_to_dataset,0.7
EXP_9425c9,DAT_68672b,experiment_to_dataset,0.7
EXP_9425c9,DAT_b5778b,experiment_to_dataset,0.7
EXP_9425c9,DAT_aadaa6,experiment_to_dataset,0.7
EXP_9425c9,DAT_4f7f37,experiment_to_dataset,0.7
EXP_9425c9,DAT_60c8bb,experiment_to_dataset,0.7
EXP_9425c9,DAT_5391a0,experiment_to_dataset,0.7
EXP_9425c9,DAT_67299e,experiment_to_dataset,0.7
EXP_9425c9,DAT_65a6c1,experiment_to_dataset,0.7
EXP_9425c9,DAT_33d66d,experiment_to_dataset,0.7
EXP_9425c9,DAT_c3b81e,experiment_to_dataset,0.7
EXP_9425c9,DAT_45398e,experiment_to_dataset,0.7
EXP_9425c9,DAT_9ee783,experiment_to_dataset,0.7
EXP_9425c9,DAT_c850d3,experiment_to_dataset,0.7
EXP_9425c9,DAT_122ba2,experiment_to_dataset,0.7
EXP_9425c9,DAT_bbc354,experiment_to_dataset,0.7
EXP_9425c9,DAT_d277a2,experiment_to_dataset,0.7
EXP_9425c9,DAT_ebb56b,experiment_to_dataset,0.7
EXP_9425c9,DAT_5598ed,experiment_to_dataset,0.7
EXP_9425c9,DAT_2bfd93,experiment_to_dataset,0.7
EXP_9425c9,DAT_4c0201,experiment_to_dataset,0.7
EXP_9425c9,DAT_586a3c,experiment_to_dataset,0.7
EXP_9425c9,DAT_91b96a,experiment_to_dataset,0.7
EXP_9425c9,DAT_0b0253,experiment_to_dataset,0.7
EXP_9425c9,DAT_1321be,experiment_to_dataset,0.7
EXP_9425c9,DAT_ba9389,experiment_to_dataset,0.7
EXP_9425c9,DAT_57c632,experiment_to_dataset,0.7
EXP_9425c9,DAT_2fa2f1,experiment_to_dataset,0.7
EXP_9425c9,DAT_c9fb10,experiment_to_dataset,0.7
EXP_553e8d,DAT_409b58,experiment_to_dataset,0.7
EXP_553e8d,DAT_a57533,experiment_to_dataset,0.7
EXP_553e8d,DAT_1be135,experiment_to_dataset,0.7
EXP_553e8d,DAT_d0f272,experiment_to_dataset,0.7
EXP_553e8d,DAT_fc35a8,experiment_to_dataset,0.7
EXP_553e8d,DAT_ddaef4,experiment_to_dataset,0.7
EXP_553e8d,DAT_2ef710,experiment_to_dataset,0.7
EXP_553e8d,DAT_831141,experiment_to_dataset,0.7
EXP_553e8d,DAT_eeaa7d,experiment_to_dataset,0.7
EXP_553e8d,DAT_779fa5,experiment_to_dataset,0.7
EXP_553e8d,DAT_81cfc7,experiment_to_dataset,0.7
EXP_553e8d,DAT_7b0b32,experiment_to_dataset,0.7
EXP_553e8d,DAT_451967,experiment_to_dataset,0.7
EXP_553e8d,DAT_d88a4b,experiment_to_dataset,0.7
EXP_553e8d,DAT_461690,experiment_to_dataset,0.7
EXP_553e8d,DAT_bc7d78,experiment_to_dataset,0.7
EXP_553e8d,DAT_424973,experiment_to_dataset,0.7
EXP_553e8d,DAT_8cf8ac,experiment_to_dataset,0.7
EXP_553e8d,DAT_c53843,experiment_to_dataset,0.7
EXP_553e8d,DAT_0bd55f,experiment_to_dataset,0.7
EXP_553e8d,DAT_db1b88,experiment_to_dataset,0.7
EXP_553e8d,DAT_7858c5,experiment_to_dataset,0.7
EXP_553e8d,DAT_128e7a,experiment_to_dataset,0.7
EXP_553e8d,DAT_48101b,experiment_to_dataset,0.7
EXP_553e8d,DAT_474bd6,experiment_to_dataset,0.7
EXP_553e8d,DAT_68672b,experiment_to_dataset,0.7
EXP_553e8d,DAT_b5778b,experiment_to_dataset,0.7
EXP_553e8d,DAT_aadaa6,experiment_to_dataset,0.7
EXP_553e8d,DAT_4f7f37,experiment_to_dataset,0.7
EXP_553e8d,DAT_60c8bb,experiment_to_dataset,0.7
EXP_553e8d,DAT_5391a0,experiment_to_dataset,0.7
EXP_553e8d,DAT_67299e,experiment_to_dataset,0.7
EXP_553e8d,DAT_65a6c1,experiment_to_dataset,0.7
EXP_553e8d,DAT_33d66d,experiment_to_dataset,0.7
EXP_553e8d,DAT_c3b81e,experiment_to_dataset,0.7
EXP_553e8d,DAT_45398e,experiment_to_dataset,0.7
EXP_553e8d,DAT_9ee783,experiment_to_dataset,0.7
EXP_553e8d,DAT_c850d3,experiment_to_dataset,0.7
EXP_553e8d,DAT_122ba2,experiment_to_dataset,0.7
EXP_553e8d,DAT_bbc354,experiment_to_dataset,0.7
EXP_553e8d,DAT_d277a2,experiment_to_dataset,0.7
EXP_553e8d,DAT_ebb56b,experiment_to_dataset,0.7
EXP_553e8d,DAT_5598ed,experiment_to_dataset,0.7
EXP_553e8d,DAT_2bfd93,experiment_to_dataset,0.7
EXP_553e8d,DAT_4c0201,experiment_to_dataset,0.7
EXP_553e8d,DAT_586a3c,experiment_to_dataset,0.7
EXP_553e8d,DAT_91b96a,experiment_to_dataset,0.7
EXP_553e8d,DAT_0b0253,experiment_to_dataset,0.7
EXP_553e8d,DAT_1321be,experiment_to_dataset,0.7
EXP_553e8d,DAT_ba9389,experiment_to_dataset,0.7
EXP_553e8d,DAT_57c632,experiment_to_dataset,0.7
EXP_553e8d,DAT_2fa2f1,experiment_to_dataset,0.7
EXP_553e8d,DAT_c9fb10,experiment_to_dataset,0.7
EXP_7880ef,DAT_409b58,experiment_to_dataset,0.7
EXP_7880ef,DAT_a57533,experiment_to_dataset,0.7
EXP_7880ef,DAT_1be135,experiment_to_dataset,0.7
EXP_7880ef,DAT_d0f272,experiment_to_dataset,0.7
EXP_7880ef,DAT_fc35a8,experiment_to_dataset,0.7
EXP_7880ef,DAT_ddaef4,experiment_to_dataset,0.7
EXP_7880ef,DAT_2ef710,experiment_to_dataset,0.7
EXP_7880ef,DAT_831141,experiment_to_dataset,0.7
EXP_7880ef,DAT_eeaa7d,experiment_to_dataset,0.7
EXP_7880ef,DAT_779fa5,experiment_to_dataset,0.7
EXP_7880ef,DAT_81cfc7,experiment_to_dataset,0.7
EXP_7880ef,DAT_7b0b32,experiment_to_dataset,0.7
EXP_7880ef,DAT_451967,experiment_to_dataset,0.7
EXP_7880ef,DAT_d88a4b,experiment_to_dataset,0.7
EXP_7880ef,DAT_461690,experiment_to_dataset,0.7
EXP_7880ef,DAT_bc7d78,experiment_to_dataset,0.7
EXP_7880ef,DAT_424973,experiment_to_dataset,0.7
EXP_7880ef,DAT_8cf8ac,experiment_to_dataset,0.7
EXP_7880ef,DAT_c53843,experiment_to_dataset,0.7
EXP_7880ef,DAT_0bd55f,experiment_to_dataset,0.7
EXP_7880ef,DAT_db1b88,experiment_to_dataset,0.7
EXP_7880ef,DAT_7858c5,experiment_to_dataset,0.7
EXP_7880ef,DAT_128e7a,experiment_to_dataset,0.7
EXP_7880ef,DAT_48101b,experiment_to_dataset,0.7
EXP_7880ef,DAT_474bd6,experiment_to_dataset,0.7
EXP_7880ef,DAT_68672b,experiment_to_dataset,0.7
EXP_7880ef,DAT_b5778b,experiment_to_dataset,0.7
EXP_7880ef,DAT_aadaa6,experiment_to_dataset,0.7
EXP_7880ef,DAT_4f7f37,experiment_to_dataset,0.7
EXP_7880ef,DAT_60c8bb,experiment_to_dataset,0.7
EXP_7880ef,DAT_5391a0,experiment_to_dataset,0.7
EXP_7880ef,DAT_67299e,experiment_to_dataset,0.7
EXP_7880ef,DAT_65a6c1,experiment_to_dataset,0.7
EXP_7880ef,DAT_33d66d,experiment_to_dataset,0.7
EXP_7880ef,DAT_c3b81e,experiment_to_dataset,0.7
EXP_7880ef,DAT_45398e,experiment_to_dataset,0.7
EXP_7880ef,DAT_9ee783,experiment_to_dataset,0.7
EXP_7880ef,DAT_c850d3,experiment_to_dataset,0.7
EXP_7880ef,DAT_122ba2,experiment_to_dataset,0.7
EXP_7880ef,DAT_bbc354,experiment_to_dataset,0.7
EXP_7880ef,DAT_d277a2,experiment_to_dataset,0.7
EXP_7880ef,DAT_ebb56b,experiment_to_dataset,0.7
EXP_7880ef,DAT_5598ed,experiment_to_dataset,0.7
EXP_7880ef,DAT_2bfd93,experiment_to_dataset,0.7
EXP_7880ef,DAT_4c0201,experiment_to_dataset,0.7
EXP_7880ef,DAT_586a3c,experiment_to_dataset,0.7
EXP_7880ef,DAT_91b96a,experiment_to_dataset,0.7
EXP_7880ef,DAT_0b0253,experiment_to_dataset,0.7
EXP_7880ef,DAT_1321be,experiment_to_dataset,0.7
EXP_7880ef,DAT_ba9389,experiment_to_dataset,0.7
EXP_7880ef,DAT_57c632,experiment_to_dataset,0.7
EXP_7880ef,DAT_2fa2f1,experiment_to_dataset,0.7
EXP_7880ef,DAT_c9fb10,experiment_to_dataset,0.7
EXP_1e6f84,DAT_409b58,experiment_to_dataset,0.7
EXP_1e6f84,DAT_a57533,experiment_to_dataset,0.7
EXP_1e6f84,DAT_1be135,experiment_to_dataset,0.7
EXP_1e6f84,DAT_d0f272,experiment_to_dataset,0.7
EXP_1e6f84,DAT_fc35a8,experiment_to_dataset,0.7
EXP_1e6f84,DAT_ddaef4,experiment_to_dataset,0.7
EXP_1e6f84,DAT_2ef710,experiment_to_dataset,0.7
EXP_1e6f84,DAT_831141,experiment_to_dataset,0.7
EXP_1e6f84,DAT_eeaa7d,experiment_to_dataset,0.7
EXP_1e6f84,DAT_779fa5,experiment_to_dataset,0.7
EXP_1e6f84,DAT_81cfc7,experiment_to_dataset,0.7
EXP_1e6f84,DAT_7b0b32,experiment_to_dataset,0.7
EXP_1e6f84,DAT_451967,experiment_to_dataset,0.7
EXP_1e6f84,DAT_d88a4b,experiment_to_dataset,0.7
EXP_1e6f84,DAT_461690,experiment_to_dataset,0.7
EXP_1e6f84,DAT_bc7d78,experiment_to_dataset,0.7
EXP_1e6f84,DAT_424973,experiment_to_dataset,0.7
EXP_1e6f84,DAT_8cf8ac,experiment_to_dataset,0.7
EXP_1e6f84,DAT_c53843,experiment_to_dataset,0.7
EXP_1e6f84,DAT_0bd55f,experiment_to_dataset,0.7
EXP_1e6f84,DAT_db1b88,experiment_to_dataset,0.7
EXP_1e6f84,DAT_7858c5,experiment_to_dataset,0.7
EXP_1e6f84,DAT_128e7a,experiment_to_dataset,0.7
EXP_1e6f84,DAT_48101b,experiment_to_dataset,0.7
EXP_1e6f84,DAT_474bd6,experiment_to_dataset,0.7
EXP_1e6f84,DAT_68672b,experiment_to_dataset,0.7
EXP_1e6f84,DAT_b5778b,experiment_to_dataset,0.7
EXP_1e6f84,DAT_aadaa6,experiment_to_dataset,0.7
EXP_1e6f84,DAT_4f7f37,experiment_to_dataset,0.7
EXP_1e6f84,DAT_60c8bb,experiment_to_dataset,0.7
EXP_1e6f84,DAT_5391a0,experiment_to_dataset,0.7
EXP_1e6f84,DAT_67299e,experiment_to_dataset,0.7
EXP_1e6f84,DAT_65a6c1,experiment_to_dataset,0.7
EXP_1e6f84,DAT_33d66d,experiment_to_dataset,0.7
EXP_1e6f84,DAT_c3b81e,experiment_to_dataset,0.7
EXP_1e6f84,DAT_45398e,experiment_to_dataset,0.7
EXP_1e6f84,DAT_9ee783,experiment_to_dataset,0.7
EXP_1e6f84,DAT_c850d3,experiment_to_dataset,0.7
EXP_1e6f84,DAT_122ba2,experiment_to_dataset,0.7
EXP_1e6f84,DAT_bbc354,experiment_to_dataset,0.7
EXP_1e6f84,DAT_d277a2,experiment_to_dataset,0.7
EXP_1e6f84,DAT_ebb56b,experiment_to_dataset,0.7
EXP_1e6f84,DAT_5598ed,experiment_to_dataset,0.7
EXP_1e6f84,DAT_2bfd93,experiment_to_dataset,0.7
EXP_1e6f84,DAT_4c0201,experiment_to_dataset,0.7
EXP_1e6f84,DAT_586a3c,experiment_to_dataset,0.7
EXP_1e6f84,DAT_91b96a,experiment_to_dataset,0.7
EXP_1e6f84,DAT_0b0253,experiment_to_dataset,0.7
EXP_1e6f84,DAT_1321be,experiment_to_dataset,0.7
EXP_1e6f84,DAT_ba9389,experiment_to_dataset,0.7
EXP_1e6f84,DAT_57c632,experiment_to_dataset,0.7
EXP_1e6f84,DAT_2fa2f1,experiment_to_dataset,0.7
EXP_1e6f84,DAT_c9fb10,experiment_to_dataset,0.7
EXP_39f76d,DAT_409b58,experiment_to_dataset,0.7
EXP_39f76d,DAT_a57533,experiment_to_dataset,0.7
EXP_39f76d,DAT_1be135,experiment_to_dataset,0.7
EXP_39f76d,DAT_d0f272,experiment_to_dataset,0.7
EXP_39f76d,DAT_fc35a8,experiment_to_dataset,0.7
EXP_39f76d,DAT_ddaef4,experiment_to_dataset,0.7
EXP_39f76d,DAT_2ef710,experiment_to_dataset,0.7
EXP_39f76d,DAT_831141,experiment_to_dataset,0.7
EXP_39f76d,DAT_eeaa7d,experiment_to_dataset,0.7
EXP_39f76d,DAT_779fa5,experiment_to_dataset,0.7
EXP_39f76d,DAT_81cfc7,experiment_to_dataset,0.7
EXP_39f76d,DAT_7b0b32,experiment_to_dataset,0.7
EXP_39f76d,DAT_451967,experiment_to_dataset,0.7
EXP_39f76d,DAT_d88a4b,experiment_to_dataset,0.7
EXP_39f76d,DAT_461690,experiment_to_dataset,0.7
EXP_39f76d,DAT_bc7d78,experiment_to_dataset,0.7
EXP_39f76d,DAT_424973,experiment_to_dataset,0.7
EXP_39f76d,DAT_8cf8ac,experiment_to_dataset,0.7
EXP_39f76d,DAT_c53843,experiment_to_dataset,0.7
EXP_39f76d,DAT_0bd55f,experiment_to_dataset,0.7
EXP_39f76d,DAT_db1b88,experiment_to_dataset,0.7
EXP_39f76d,DAT_7858c5,experiment_to_dataset,0.7
EXP_39f76d,DAT_128e7a,experiment_to_dataset,0.7
EXP_39f76d,DAT_48101b,experiment_to_dataset,0.7
EXP_39f76d,DAT_474bd6,experiment_to_dataset,0.7
EXP_39f76d,DAT_68672b,experiment_to_dataset,0.7
EXP_39f76d,DAT_b5778b,experiment_to_dataset,0.7
EXP_39f76d,DAT_aadaa6,experiment_to_dataset,0.7
EXP_39f76d,DAT_4f7f37,experiment_to_dataset,0.7
EXP_39f76d,DAT_60c8bb,experiment_to_dataset,0.7
EXP_39f76d,DAT_5391a0,experiment_to_dataset,0.7
EXP_39f76d,DAT_67299e,experiment_to_dataset,0.7
EXP_39f76d,DAT_65a6c1,experiment_to_dataset,0.7
EXP_39f76d,DAT_33d66d,experiment_to_dataset,0.7
EXP_39f76d,DAT_c3b81e,experiment_to_dataset,0.7
EXP_39f76d,DAT_45398e,experiment_to_dataset,0.7
EXP_39f76d,DAT_9ee783,experiment_to_dataset,0.7
EXP_39f76d,DAT_c850d3,experiment_to_dataset,0.7
EXP_39f76d,DAT_122ba2,experiment_to_dataset,0.7
EXP_39f76d,DAT_bbc354,experiment_to_dataset,0.7
EXP_39f76d,DAT_d277a2,experiment_to_dataset,0.7
EXP_39f76d,DAT_ebb56b,experiment_to_dataset,0.7
EXP_39f76d,DAT_5598ed,experiment_to_dataset,0.7
EXP_39f76d,DAT_2bfd93,experiment_to_dataset,0.7
EXP_39f76d,DAT_4c0201,experiment_to_dataset,0.7
EXP_39f76d,DAT_586a3c,experiment_to_dataset,0.7
EXP_39f76d,DAT_91b96a,experiment_to_dataset,0.7
EXP_39f76d,DAT_0b0253,experiment_to_dataset,0.7
EXP_39f76d,DAT_1321be,experiment_to_dataset,0.7
EXP_39f76d,DAT_ba9389,experiment_to_dataset,0.7
EXP_39f76d,DAT_57c632,experiment_to_dataset,0.7
EXP_39f76d,DAT_2fa2f1,experiment_to_dataset,0.7
EXP_39f76d,DAT_c9fb10,experiment_to_dataset,0.7
EXP_85402b,DAT_409b58,experiment_to_dataset,0.7
EXP_85402b,DAT_a57533,experiment_to_dataset,0.7
EXP_85402b,DAT_1be135,experiment_to_dataset,0.7
EXP_85402b,DAT_d0f272,experiment_to_dataset,0.7
EXP_85402b,DAT_fc35a8,experiment_to_dataset,0.7
EXP_85402b,DAT_ddaef4,experiment_to_dataset,0.7
EXP_85402b,DAT_2ef710,experiment_to_dataset,0.7
EXP_85402b,DAT_831141,experiment_to_dataset,0.7
EXP_85402b,DAT_eeaa7d,experiment_to_dataset,0.7
EXP_85402b,DAT_779fa5,experiment_to_dataset,0.7
EXP_85402b,DAT_81cfc7,experiment_to_dataset,0.7
EXP_85402b,DAT_7b0b32,experiment_to_dataset,0.7
EXP_85402b,DAT_451967,experiment_to_dataset,0.7
EXP_85402b,DAT_d88a4b,experiment_to_dataset,0.7
EXP_85402b,DAT_461690,experiment_to_dataset,0.7
EXP_85402b,DAT_bc7d78,experiment_to_dataset,0.7
EXP_85402b,DAT_424973,experiment_to_dataset,0.7
EXP_85402b,DAT_8cf8ac,experiment_to_dataset,0.7
EXP_85402b,DAT_c53843,experiment_to_dataset,0.7
EXP_85402b,DAT_0bd55f,experiment_to_dataset,0.7
EXP_85402b,DAT_db1b88,experiment_to_dataset,0.7
EXP_85402b,DAT_7858c5,experiment_to_dataset,0.7
EXP_85402b,DAT_128e7a,experiment_to_dataset,0.7
EXP_85402b,DAT_48101b,experiment_to_dataset,0.7
EXP_85402b,DAT_474bd6,experiment_to_dataset,0.7
EXP_85402b,DAT_68672b,experiment_to_dataset,0.7
EXP_85402b,DAT_b5778b,experiment_to_dataset,0.7
EXP_85402b,DAT_aadaa6,experiment_to_dataset,0.7
EXP_85402b,DAT_4f7f37,experiment_to_dataset,0.7
EXP_85402b,DAT_60c8bb,experiment_to_dataset,0.7
EXP_85402b,DAT_5391a0,experiment_to_dataset,0.7
EXP_85402b,DAT_67299e,experiment_to_dataset,0.7
EXP_85402b,DAT_65a6c1,experiment_to_dataset,0.7
EXP_85402b,DAT_33d66d,experiment_to_dataset,0.7
EXP_85402b,DAT_c3b81e,experiment_to_dataset,0.7
EXP_85402b,DAT_45398e,experiment_to_dataset,0.7
EXP_85402b,DAT_9ee783,experiment_to_dataset,0.7
EXP_85402b,DAT_c850d3,experiment_to_dataset,0.7
EXP_85402b,DAT_122ba2,experiment_to_dataset,0.7
EXP_85402b,DAT_bbc354,experiment_to_dataset,0.7
EXP_85402b,DAT_d277a2,experiment_to_dataset,0.7
EXP_85402b,DAT_ebb56b,experiment_to_dataset,0.7
EXP_85402b,DAT_5598ed,experiment_to_dataset,0.7
EXP_85402b,DAT_2bfd93,experiment_to_dataset,0.7
EXP_85402b,DAT_4c0201,experiment_to_dataset,0.7
EXP_85402b,DAT_586a3c,experiment_to_dataset,0.7
EXP_85402b,DAT_91b96a,experiment_to_dataset,0.7
EXP_85402b,DAT_0b0253,experiment_to_dataset,0.7
EXP_85402b,DAT_1321be,experiment_to_dataset,0.7
EXP_85402b,DAT_ba9389,experiment_to_dataset,0.7
EXP_85402b,DAT_57c632,experiment_to_dataset,0.7
EXP_85402b,DAT_2fa2f1,experiment_to_dataset,0.7
EXP_85402b,DAT_c9fb10,experiment_to_dataset,0.7
EXP_896fd8,DAT_409b58,experiment_to_dataset,0.7
EXP_896fd8,DAT_a57533,experiment_to_dataset,0.7
EXP_896fd8,DAT_1be135,experiment_to_dataset,0.7
EXP_896fd8,DAT_d0f272,experiment_to_dataset,0.7
EXP_896fd8,DAT_fc35a8,experiment_to_dataset,0.7
EXP_896fd8,DAT_ddaef4,experiment_to_dataset,0.7
EXP_896fd8,DAT_2ef710,experiment_to_dataset,0.7
EXP_896fd8,DAT_831141,experiment_to_dataset,0.7
EXP_896fd8,DAT_eeaa7d,experiment_to_dataset,0.7
EXP_896fd8,DAT_779fa5,experiment_to_dataset,0.7
EXP_896fd8,DAT_81cfc7,experiment_to_dataset,0.7
EXP_896fd8,DAT_7b0b32,experiment_to_dataset,0.7
EXP_896fd8,DAT_451967,experiment_to_dataset,0.7
EXP_896fd8,DAT_d88a4b,experiment_to_dataset,0.7
EXP_896fd8,DAT_461690,experiment_to_dataset,0.7
EXP_896fd8,DAT_bc7d78,experiment_to_dataset,0.7
EXP_896fd8,DAT_424973,experiment_to_dataset,0.7
EXP_896fd8,DAT_8cf8ac,experiment_to_dataset,0.7
EXP_896fd8,DAT_c53843,experiment_to_dataset,0.7
EXP_896fd8,DAT_0bd55f,experiment_to_dataset,0.7
EXP_896fd8,DAT_db1b88,experiment_to_dataset,0.7
EXP_896fd8,DAT_7858c5,experiment_to_dataset,0.7
EXP_896fd8,DAT_128e7a,experiment_to_dataset,0.7
EXP_896fd8,DAT_48101b,experiment_to_dataset,0.7
EXP_896fd8,DAT_474bd6,experiment_to_dataset,0.7
EXP_896fd8,DAT_68672b,experiment_to_dataset,0.7
EXP_896fd8,DAT_b5778b,experiment_to_dataset,0.7
EXP_896fd8,DAT_aadaa6,experiment_to_dataset,0.7
EXP_896fd8,DAT_4f7f37,experiment_to_dataset,0.7
EXP_896fd8,DAT_60c8bb,experiment_to_dataset,0.7
EXP_896fd8,DAT_5391a0,experiment_to_dataset,0.7
EXP_896fd8,DAT_67299e,experiment_to_dataset,0.7
EXP_896fd8,DAT_65a6c1,experiment_to_dataset,0.7
EXP_896fd8,DAT_33d66d,experiment_to_dataset,0.7
EXP_896fd8,DAT_c3b81e,experiment_to_dataset,0.7
EXP_896fd8,DAT_45398e,experiment_to_dataset,0.7
EXP_896fd8,DAT_9ee783,experiment_to_dataset,0.7
EXP_896fd8,DAT_c850d3,experiment_to_dataset,0.7
EXP_896fd8,DAT_122ba2,experiment_to_dataset,0.7
EXP_896fd8,DAT_bbc354,experiment_to_dataset,0.7
EXP_896fd8,DAT_d277a2,experiment_to_dataset,0.7
EXP_896fd8,DAT_ebb56b,experiment_to_dataset,0.7
EXP_896fd8,DAT_5598ed,experiment_to_dataset,0.7
EXP_896fd8,DAT_2bfd93,experiment_to_dataset,0.7
EXP_896fd8,DAT_4c0201,experiment_to_dataset,0.7
EXP_896fd8,DAT_586a3c,experiment_to_dataset,0.7
EXP_896fd8,DAT_91b96a,experiment_to_dataset,0.7
EXP_896fd8,DAT_0b0253,experiment_to_dataset,0.7
EXP_896fd8,DAT_1321be,experiment_to_dataset,0.7
EXP_896fd8,DAT_ba9389,experiment_to_dataset,0.7
EXP_896fd8,DAT_57c632,experiment_to_dataset,0.7
EXP_896fd8,DAT_2fa2f1,experiment_to_dataset,0.7
EXP_896fd8,DAT_c9fb10,experiment_to_dataset,0.7
EXP_5b0810,DAT_409b58,experiment_to_dataset,0.7
EXP_5b0810,DAT_a57533,experiment_to_dataset,0.7
EXP_5b0810,DAT_1be135,experiment_to_dataset,0.7
EXP_5b0810,DAT_d0f272,experiment_to_dataset,0.7
EXP_5b0810,DAT_fc35a8,experiment_to_dataset,0.7
EXP_5b0810,DAT_ddaef4,experiment_to_dataset,0.7
EXP_5b0810,DAT_2ef710,experiment_to_dataset,0.7
EXP_5b0810,DAT_831141,experiment_to_dataset,0.7
EXP_5b0810,DAT_eeaa7d,experiment_to_dataset,0.7
EXP_5b0810,DAT_779fa5,experiment_to_dataset,0.7
EXP_5b0810,DAT_81cfc7,experiment_to_dataset,0.7
EXP_5b0810,DAT_7b0b32,experiment_to_dataset,0.7
EXP_5b0810,DAT_451967,experiment_to_dataset,0.7
EXP_5b0810,DAT_d88a4b,experiment_to_dataset,0.7
EXP_5b0810,DAT_461690,experiment_to_dataset,0.7
EXP_5b0810,DAT_bc7d78,experiment_to_dataset,0.7
EXP_5b0810,DAT_424973,experiment_to_dataset,0.7
EXP_5b0810,DAT_8cf8ac,experiment_to_dataset,0.7
EXP_5b0810,DAT_c53843,experiment_to_dataset,0.7
EXP_5b0810,DAT_0bd55f,experiment_to_dataset,0.7
EXP_5b0810,DAT_db1b88,experiment_to_dataset,0.7
EXP_5b0810,DAT_7858c5,experiment_to_dataset,0.7
EXP_5b0810,DAT_128e7a,experiment_to_dataset,0.7
EXP_5b0810,DAT_48101b,experiment_to_dataset,0.7
EXP_5b0810,DAT_474bd6,experiment_to_dataset,0.7
EXP_5b0810,DAT_68672b,experiment_to_dataset,0.7
EXP_5b0810,DAT_b5778b,experiment_to_dataset,0.7
EXP_5b0810,DAT_aadaa6,experiment_to_dataset,0.7
EXP_5b0810,DAT_4f7f37,experiment_to_dataset,0.7
EXP_5b0810,DAT_60c8bb,experiment_to_dataset,0.7
EXP_5b0810,DAT_5391a0,experiment_to_dataset,0.7
EXP_5b0810,DAT_67299e,experiment_to_dataset,0.7
EXP_5b0810,DAT_65a6c1,experiment_to_dataset,0.7
EXP_5b0810,DAT_33d66d,experiment_to_dataset,0.7
EXP_5b0810,DAT_c3b81e,experiment_to_dataset,0.7
EXP_5b0810,DAT_45398e,experiment_to_dataset,0.7
EXP_5b0810,DAT_9ee783,experiment_to_dataset,0.7
EXP_5b0810,DAT_c850d3,experiment_to_dataset,0.7
EXP_5b0810,DAT_122ba2,experiment_to_dataset,0.7
EXP_5b0810,DAT_bbc354,experiment_to_dataset,0.7
EXP_5b0810,DAT_d277a2,experiment_to_dataset,0.7
EXP_5b0810,DAT_ebb56b,experiment_to_dataset,0.7
EXP_5b0810,DAT_5598ed,experiment_to_dataset,0.7
EXP_5b0810,DAT_2bfd93,experiment_to_dataset,0.7
EXP_5b0810,DAT_4c0201,experiment_to_dataset,0.7
EXP_5b0810,DAT_586a3c,experiment_to_dataset,0.7
EXP_5b0810,DAT_91b96a,experiment_to_dataset,0.7
EXP_5b0810,DAT_0b0253,experiment_to_dataset,0.7
EXP_5b0810,DAT_1321be,experiment_to_dataset,0.7
EXP_5b0810,DAT_ba9389,experiment_to_dataset,0.7
EXP_5b0810,DAT_57c632,experiment_to_dataset,0.7
EXP_5b0810,DAT_2fa2f1,experiment_to_dataset,0.7
EXP_5b0810,DAT_c9fb10,experiment_to_dataset,0.7
EXP_fb6473,DAT_409b58,experiment_to_dataset,0.7
EXP_fb6473,DAT_a57533,experiment_to_dataset,0.7
EXP_fb6473,DAT_1be135,experiment_to_dataset,0.7
EXP_fb6473,DAT_d0f272,experiment_to_dataset,0.7
EXP_fb6473,DAT_fc35a8,experiment_to_dataset,0.7
EXP_fb6473,DAT_ddaef4,experiment_to_dataset,0.7
EXP_fb6473,DAT_2ef710,experiment_to_dataset,0.7
EXP_fb6473,DAT_831141,experiment_to_dataset,0.7
EXP_fb6473,DAT_eeaa7d,experiment_to_dataset,0.7
EXP_fb6473,DAT_779fa5,experiment_to_dataset,0.7
EXP_fb6473,DAT_81cfc7,experiment_to_dataset,0.7
EXP_fb6473,DAT_7b0b32,experiment_to_dataset,0.7
EXP_fb6473,DAT_451967,experiment_to_dataset,0.7
EXP_fb6473,DAT_d88a4b,experiment_to_dataset,0.7
EXP_fb6473,DAT_461690,experiment_to_dataset,0.7
EXP_fb6473,DAT_bc7d78,experiment_to_dataset,0.7
EXP_fb6473,DAT_424973,experiment_to_dataset,0.7
EXP_fb6473,DAT_8cf8ac,experiment_to_dataset,0.7
EXP_fb6473,DAT_c53843,experiment_to_dataset,0.7
EXP_fb6473,DAT_0bd55f,experiment_to_dataset,0.7
EXP_fb6473,DAT_db1b88,experiment_to_dataset,0.7
EXP_fb6473,DAT_7858c5,experiment_to_dataset,0.7
EXP_fb6473,DAT_128e7a,experiment_to_dataset,0.7
EXP_fb6473,DAT_48101b,experiment_to_dataset,0.7
EXP_fb6473,DAT_474bd6,experiment_to_dataset,0.7
EXP_fb6473,DAT_68672b,experiment_to_dataset,0.7
EXP_fb6473,DAT_b5778b,experiment_to_dataset,0.7
EXP_fb6473,DAT_aadaa6,experiment_to_dataset,0.7
EXP_fb6473,DAT_4f7f37,experiment_to_dataset,0.7
EXP_fb6473,DAT_60c8bb,experiment_to_dataset,0.7
EXP_fb6473,DAT_5391a0,experiment_to_dataset,0.7
EXP_fb6473,DAT_67299e,experiment_to_dataset,0.7
EXP_fb6473,DAT_65a6c1,experiment_to_dataset,0.7
EXP_fb6473,DAT_33d66d,experiment_to_dataset,0.7
EXP_fb6473,DAT_c3b81e,experiment_to_dataset,0.7
EXP_fb6473,DAT_45398e,experiment_to_dataset,0.7
EXP_fb6473,DAT_9ee783,experiment_to_dataset,0.7
EXP_fb6473,DAT_c850d3,experiment_to_dataset,0.7
EXP_fb6473,DAT_122ba2,experiment_to_dataset,0.7
EXP_fb6473,DAT_bbc354,experiment_to_dataset,0.7
EXP_fb6473,DAT_d277a2,experiment_to_dataset,0.7
EXP_fb6473,DAT_ebb56b,experiment_to_dataset,0.7
EXP_fb6473,DAT_5598ed,experiment_to_dataset,0.7
EXP_fb6473,DAT_2bfd93,experiment_to_dataset,0.7
EXP_fb6473,DAT_4c0201,experiment_to_dataset,0.7
EXP_fb6473,DAT_586a3c,experiment_to_dataset,0.7
EXP_fb6473,DAT_91b96a,experiment_to_dataset,0.7
EXP_fb6473,DAT_0b0253,experiment_to_dataset,0.7
EXP_fb6473,DAT_1321be,experiment_to_dataset,0.7
EXP_fb6473,DAT_ba9389,experiment_to_dataset,0.7
EXP_fb6473,DAT_57c632,experiment_to_dataset,0.7
EXP_fb6473,DAT_2fa2f1,experiment_to_dataset,0.7
EXP_fb6473,DAT_c9fb10,experiment_to_dataset,0.7
EXP_297549,DAT_409b58,experiment_to_dataset,0.7
EXP_297549,DAT_a57533,experiment_to_dataset,0.7
EXP_297549,DAT_1be135,experiment_to_dataset,0.7
EXP_297549,DAT_d0f272,experiment_to_dataset,0.7
EXP_297549,DAT_fc35a8,experiment_to_dataset,0.7
EXP_297549,DAT_ddaef4,experiment_to_dataset,0.7
EXP_297549,DAT_2ef710,experiment_to_dataset,0.7
EXP_297549,DAT_831141,experiment_to_dataset,0.7
EXP_297549,DAT_eeaa7d,experiment_to_dataset,0.7
EXP_297549,DAT_779fa5,experiment_to_dataset,0.7
EXP_297549,DAT_81cfc7,experiment_to_dataset,0.7
EXP_297549,DAT_7b0b32,experiment_to_dataset,0.7
EXP_297549,DAT_451967,experiment_to_dataset,0.7
EXP_297549,DAT_d88a4b,experiment_to_dataset,0.7
EXP_297549,DAT_461690,experiment_to_dataset,0.7
EXP_297549,DAT_bc7d78,experiment_to_dataset,0.7
EXP_297549,DAT_424973,experiment_to_dataset,0.7
EXP_297549,DAT_8cf8ac,experiment_to_dataset,0.7
EXP_297549,DAT_c53843,experiment_to_dataset,0.7
EXP_297549,DAT_0bd55f,experiment_to_dataset,0.7
EXP_297549,DAT_db1b88,experiment_to_dataset,0.7
EXP_297549,DAT_7858c5,experiment_to_dataset,0.7
EXP_297549,DAT_128e7a,experiment_to_dataset,0.7
EXP_297549,DAT_48101b,experiment_to_dataset,0.7
EXP_297549,DAT_474bd6,experiment_to_dataset,0.7
EXP_297549,DAT_68672b,experiment_to_dataset,0.7
EXP_297549,DAT_b5778b,experiment_to_dataset,0.7
EXP_297549,DAT_aadaa6,experiment_to_dataset,0.7
EXP_297549,DAT_4f7f37,experiment_to_dataset,0.7
EXP_297549,DAT_60c8bb,experiment_to_dataset,0.7
EXP_297549,DAT_5391a0,experiment_to_dataset,0.7
EXP_297549,DAT_67299e,experiment_to_dataset,0.7
EXP_297549,DAT_65a6c1,experiment_to_dataset,0.7
EXP_297549,DAT_33d66d,experiment_to_dataset,0.7
EXP_297549,DAT_c3b81e,experiment_to_dataset,0.7
EXP_297549,DAT_45398e,experiment_to_dataset,0.7
EXP_297549,DAT_9ee783,experiment_to_dataset,0.7
EXP_297549,DAT_c850d3,experiment_to_dataset,0.7
EXP_297549,DAT_122ba2,experiment_to_dataset,0.7
EXP_297549,DAT_bbc354,experiment_to_dataset,0.7
EXP_297549,DAT_d277a2,experiment_to_dataset,0.7
EXP_297549,DAT_ebb56b,experiment_to_dataset,0.7
EXP_297549,DAT_5598ed,experiment_to_dataset,0.7
EXP_297549,DAT_2bfd93,experiment_to_dataset,0.7
EXP_297549,DAT_4c0201,experiment_to_dataset,0.7
EXP_297549,DAT_586a3c,experiment_to_dataset,0.7
EXP_297549,DAT_91b96a,experiment_to_dataset,0.7
EXP_297549,DAT_0b0253,experiment_to_dataset,0.7
EXP_297549,DAT_1321be,experiment_to_dataset,0.7
EXP_297549,DAT_ba9389,experiment_to_dataset,0.7
EXP_297549,DAT_57c632,experiment_to_dataset,0.7
EXP_297549,DAT_2fa2f1,experiment_to_dataset,0.7
EXP_297549,DAT_c9fb10,experiment_to_dataset,0.7
EXP_ce1fe7,DAT_409b58,experiment_to_dataset,0.7
EXP_ce1fe7,DAT_a57533,experiment_to_dataset,0.7
EXP_ce1fe7,DAT_1be135,experiment_to_dataset,0.7
EXP_ce1fe7,DAT_d0f272,experiment_to_dataset,0.7
EXP_ce1fe7,DAT_fc35a8,experiment_to_dataset,0.7
EXP_ce1fe7,DAT_ddaef4,experiment_to_dataset,0.7
EXP_ce1fe7,DAT_2ef710,experiment_to_dataset,0.7
EXP_ce1fe7,DAT_831141,experiment_to_dataset,0.7
EXP_ce1fe7,DAT_eeaa7d,experiment_to_dataset,0.7
EXP_ce1fe7,DAT_779fa5,experiment_to_dataset,0.7
EXP_ce1fe7,DAT_81cfc7,experiment_to_dataset,0.7
EXP_ce1fe7,DAT_7b0b32,experiment_to_dataset,0.7
EXP_ce1fe7,DAT_451967,experiment_to_dataset,0.7
EXP_ce1fe7,DAT_d88a4b,experiment_to_dataset,0.7
EXP_ce1fe7,DAT_461690,experiment_to_dataset,0.7
EXP_ce1fe7,DAT_bc7d78,experiment_to_dataset,0.7
EXP_ce1fe7,DAT_424973,experiment_to_dataset,0.7
EXP_ce1fe7,DAT_8cf8ac,experiment_to_dataset,0.7
EXP_ce1fe7,DAT_c53843,experiment_to_dataset,0.7
EXP_ce1fe7,DAT_0bd55f,experiment_to_dataset,0.7
EXP_ce1fe7,DAT_db1b88,experiment_to_dataset,0.7
EXP_ce1fe7,DAT_7858c5,experiment_to_dataset,0.7
EXP_ce1fe7,DAT_128e7a,experiment_to_dataset,0.7
EXP_ce1fe7,DAT_48101b,experiment_to_dataset,0.7
EXP_ce1fe7,DAT_474bd6,experiment_to_dataset,0.7
EXP_ce1fe7,DAT_68672b,experiment_to_dataset,0.7
EXP_ce1fe7,DAT_b5778b,experiment_to_dataset,0.7
EXP_ce1fe7,DAT_aadaa6,experiment_to_dataset,0.7
EXP_ce1fe7,DAT_4f7f37,experiment_to_dataset,0.7
EXP_ce1fe7,DAT_60c8bb,experiment_to_dataset,0.7
EXP_ce1fe7,DAT_5391a0,experiment_to_dataset,0.7
EXP_ce1fe7,DAT_67299e,experiment_to_dataset,0.7
EXP_ce1fe7,DAT_65a6c1,experiment_to_dataset,0.7
EXP_ce1fe7,DAT_33d66d,experiment_to_dataset,0.7
EXP_ce1fe7,DAT_c3b81e,experiment_to_dataset,0.7
EXP_ce1fe7,DAT_45398e,experiment_to_dataset,0.7
EXP_ce1fe7,DAT_9ee783,experiment_to_dataset,0.7
EXP_ce1fe7,DAT_c850d3,experiment_to_dataset,0.7
EXP_ce1fe7,DAT_122ba2,experiment_to_dataset,0.7
EXP_ce1fe7,DAT_bbc354,experiment_to_dataset,0.7
EXP_ce1fe7,DAT_d277a2,experiment_to_dataset,0.7
EXP_ce1fe7,DAT_ebb56b,experiment_to_dataset,0.7
EXP_ce1fe7,DAT_5598ed,experiment_to_dataset,0.7
EXP_ce1fe7,DAT_2bfd93,experiment_to_dataset,0.7
EXP_ce1fe7,DAT_4c0201,experiment_to_dataset,0.7
EXP_ce1fe7,DAT_586a3c,experiment_to_dataset,0.7
EXP_ce1fe7,DAT_91b96a,experiment_to_dataset,0.7
EXP_ce1fe7,DAT_0b0253,experiment_to_dataset,0.7
EXP_ce1fe7,DAT_1321be,experiment_to_dataset,0.7
EXP_ce1fe7,DAT_ba9389,experiment_to_dataset,0.7
EXP_ce1fe7,DAT_57c632,experiment_to_dataset,0.7
EXP_ce1fe7,DAT_2fa2f1,experiment_to_dataset,0.7
EXP_ce1fe7,DAT_c9fb10,experiment_to_dataset,0.7
EXP_ba47a6,DAT_409b58,experiment_to_dataset,0.7
EXP_ba47a6,DAT_a57533,experiment_to_dataset,0.7
EXP_ba47a6,DAT_1be135,experiment_to_dataset,0.7
EXP_ba47a6,DAT_d0f272,experiment_to_dataset,0.7
EXP_ba47a6,DAT_fc35a8,experiment_to_dataset,0.7
EXP_ba47a6,DAT_ddaef4,experiment_to_dataset,0.7
EXP_ba47a6,DAT_2ef710,experiment_to_dataset,0.7
EXP_ba47a6,DAT_831141,experiment_to_dataset,0.7
EXP_ba47a6,DAT_eeaa7d,experiment_to_dataset,0.7
EXP_ba47a6,DAT_779fa5,experiment_to_dataset,0.7
EXP_ba47a6,DAT_81cfc7,experiment_to_dataset,0.7
EXP_ba47a6,DAT_7b0b32,experiment_to_dataset,0.7
EXP_ba47a6,DAT_451967,experiment_to_dataset,0.7
EXP_ba47a6,DAT_d88a4b,experiment_to_dataset,0.7
EXP_ba47a6,DAT_461690,experiment_to_dataset,0.7
EXP_ba47a6,DAT_bc7d78,experiment_to_dataset,0.7
EXP_ba47a6,DAT_424973,experiment_to_dataset,0.7
EXP_ba47a6,DAT_8cf8ac,experiment_to_dataset,0.7
EXP_ba47a6,DAT_c53843,experiment_to_dataset,0.7
EXP_ba47a6,DAT_0bd55f,experiment_to_dataset,0.7
EXP_ba47a6,DAT_db1b88,experiment_to_dataset,0.7
EXP_ba47a6,DAT_7858c5,experiment_to_dataset,0.7
EXP_ba47a6,DAT_128e7a,experiment_to_dataset,0.7
EXP_ba47a6,DAT_48101b,experiment_to_dataset,0.7
EXP_ba47a6,DAT_474bd6,experiment_to_dataset,0.7
EXP_ba47a6,DAT_68672b,experiment_to_dataset,0.7
EXP_ba47a6,DAT_b5778b,experiment_to_dataset,0.7
EXP_ba47a6,DAT_aadaa6,experiment_to_dataset,0.7
EXP_ba47a6,DAT_4f7f37,experiment_to_dataset,0.7
EXP_ba47a6,DAT_60c8bb,experiment_to_dataset,0.7
EXP_ba47a6,DAT_5391a0,experiment_to_dataset,0.7
EXP_ba47a6,DAT_67299e,experiment_to_dataset,0.7
EXP_ba47a6,DAT_65a6c1,experiment_to_dataset,0.7
EXP_ba47a6,DAT_33d66d,experiment_to_dataset,0.7
EXP_ba47a6,DAT_c3b81e,experiment_to_dataset,0.7
EXP_ba47a6,DAT_45398e,experiment_to_dataset,0.7
EXP_ba47a6,DAT_9ee783,experiment_to_dataset,0.7
EXP_ba47a6,DAT_c850d3,experiment_to_dataset,0.7
EXP_ba47a6,DAT_122ba2,experiment_to_dataset,0.7
EXP_ba47a6,DAT_bbc354,experiment_to_dataset,0.7
EXP_ba47a6,DAT_d277a2,experiment_to_dataset,0.7
EXP_ba47a6,DAT_ebb56b,experiment_to_dataset,0.7
EXP_ba47a6,DAT_5598ed,experiment_to_dataset,0.7
EXP_ba47a6,DAT_2bfd93,experiment_to_dataset,0.7
EXP_ba47a6,DAT_4c0201,experiment_to_dataset,0.7
EXP_ba47a6,DAT_586a3c,experiment_to_dataset,0.7
EXP_ba47a6,DAT_91b96a,experiment_to_dataset,0.7
EXP_ba47a6,DAT_0b0253,experiment_to_dataset,0.7
EXP_ba47a6,DAT_1321be,experiment_to_dataset,0.7
EXP_ba47a6,DAT_ba9389,experiment_to_dataset,0.7
EXP_ba47a6,DAT_57c632,experiment_to_dataset,0.7
EXP_ba47a6,DAT_2fa2f1,experiment_to_dataset,0.7
EXP_ba47a6,DAT_c9fb10,experiment_to_dataset,0.7
EXP_0c2d4a,DAT_409b58,experiment_to_dataset,0.7
EXP_0c2d4a,DAT_a57533,experiment_to_dataset,0.7
EXP_0c2d4a,DAT_1be135,experiment_to_dataset,0.7
EXP_0c2d4a,DAT_d0f272,experiment_to_dataset,0.7
EXP_0c2d4a,DAT_fc35a8,experiment_to_dataset,0.7
EXP_0c2d4a,DAT_ddaef4,experiment_to_dataset,0.7
EXP_0c2d4a,DAT_2ef710,experiment_to_dataset,0.7
EXP_0c2d4a,DAT_831141,experiment_to_dataset,0.7
EXP_0c2d4a,DAT_eeaa7d,experiment_to_dataset,0.7
EXP_0c2d4a,DAT_779fa5,experiment_to_dataset,0.7
EXP_0c2d4a,DAT_81cfc7,experiment_to_dataset,0.7
EXP_0c2d4a,DAT_7b0b32,experiment_to_dataset,0.7
EXP_0c2d4a,DAT_451967,experiment_to_dataset,0.7
EXP_0c2d4a,DAT_d88a4b,experiment_to_dataset,0.7
EXP_0c2d4a,DAT_461690,experiment_to_dataset,0.7
EXP_0c2d4a,DAT_bc7d78,experiment_to_dataset,0.7
EXP_0c2d4a,DAT_424973,experiment_to_dataset,0.7
EXP_0c2d4a,DAT_8cf8ac,experiment_to_dataset,0.7
EXP_0c2d4a,DAT_c53843,experiment_to_dataset,0.7
EXP_0c2d4a,DAT_0bd55f,experiment_to_dataset,0.7
EXP_0c2d4a,DAT_db1b88,experiment_to_dataset,0.7
EXP_0c2d4a,DAT_7858c5,experiment_to_dataset,0.7
EXP_0c2d4a,DAT_128e7a,experiment_to_dataset,0.7
EXP_0c2d4a,DAT_48101b,experiment_to_dataset,0.7
EXP_0c2d4a,DAT_474bd6,experiment_to_dataset,0.7
EXP_0c2d4a,DAT_68672b,experiment_to_dataset,0.7
EXP_0c2d4a,DAT_b5778b,experiment_to_dataset,0.7
EXP_0c2d4a,DAT_aadaa6,experiment_to_dataset,0.7
EXP_0c2d4a,DAT_4f7f37,experiment_to_dataset,0.7
EXP_0c2d4a,DAT_60c8bb,experiment_to_dataset,0.7
EXP_0c2d4a,DAT_5391a0,experiment_to_dataset,0.7
EXP_0c2d4a,DAT_67299e,experiment_to_dataset,0.7
EXP_0c2d4a,DAT_65a6c1,experiment_to_dataset,0.7
EXP_0c2d4a,DAT_33d66d,experiment_to_dataset,0.7
EXP_0c2d4a,DAT_c3b81e,experiment_to_dataset,0.7
EXP_0c2d4a,DAT_45398e,experiment_to_dataset,0.7
EXP_0c2d4a,DAT_9ee783,experiment_to_dataset,0.7
EXP_0c2d4a,DAT_c850d3,experiment_to_dataset,0.7
EXP_0c2d4a,DAT_122ba2,experiment_to_dataset,0.7
EXP_0c2d4a,DAT_bbc354,experiment_to_dataset,0.7
EXP_0c2d4a,DAT_d277a2,experiment_to_dataset,0.7
EXP_0c2d4a,DAT_ebb56b,experiment_to_dataset,0.7
EXP_0c2d4a,DAT_5598ed,experiment_to_dataset,0.7
EXP_0c2d4a,DAT_2bfd93,experiment_to_dataset,0.7
EXP_0c2d4a,DAT_4c0201,experiment_to_dataset,0.7
EXP_0c2d4a,DAT_586a3c,experiment_to_dataset,0.7
EXP_0c2d4a,DAT_91b96a,experiment_to_dataset,0.7
EXP_0c2d4a,DAT_0b0253,experiment_to_dataset,0.7
EXP_0c2d4a,DAT_1321be,experiment_to_dataset,0.7
EXP_0c2d4a,DAT_ba9389,experiment_to_dataset,0.7
EXP_0c2d4a,DAT_57c632,experiment_to_dataset,0.7
EXP_0c2d4a,DAT_2fa2f1,experiment_to_dataset,0.7
EXP_0c2d4a,DAT_c9fb10,experiment_to_dataset,0.7
EXP_e268bf,DAT_409b58,experiment_to_dataset,0.7
EXP_e268bf,DAT_a57533,experiment_to_dataset,0.7
EXP_e268bf,DAT_1be135,experiment_to_dataset,0.7
EXP_e268bf,DAT_d0f272,experiment_to_dataset,0.7
EXP_e268bf,DAT_fc35a8,experiment_to_dataset,0.7
EXP_e268bf,DAT_ddaef4,experiment_to_dataset,0.7
EXP_e268bf,DAT_2ef710,experiment_to_dataset,0.7
EXP_e268bf,DAT_831141,experiment_to_dataset,0.7
EXP_e268bf,DAT_eeaa7d,experiment_to_dataset,0.7
EXP_e268bf,DAT_779fa5,experiment_to_dataset,0.7
EXP_e268bf,DAT_81cfc7,experiment_to_dataset,0.7
EXP_e268bf,DAT_7b0b32,experiment_to_dataset,0.7
EXP_e268bf,DAT_451967,experiment_to_dataset,0.7
EXP_e268bf,DAT_d88a4b,experiment_to_dataset,0.7
EXP_e268bf,DAT_461690,experiment_to_dataset,0.7
EXP_e268bf,DAT_bc7d78,experiment_to_dataset,0.7
EXP_e268bf,DAT_424973,experiment_to_dataset,0.7
EXP_e268bf,DAT_8cf8ac,experiment_to_dataset,0.7
EXP_e268bf,DAT_c53843,experiment_to_dataset,0.7
EXP_e268bf,DAT_0bd55f,experiment_to_dataset,0.7
EXP_e268bf,DAT_db1b88,experiment_to_dataset,0.7
EXP_e268bf,DAT_7858c5,experiment_to_dataset,0.7
EXP_e268bf,DAT_128e7a,experiment_to_dataset,0.7
EXP_e268bf,DAT_48101b,experiment_to_dataset,0.7
EXP_e268bf,DAT_474bd6,experiment_to_dataset,0.7
EXP_e268bf,DAT_68672b,experiment_to_dataset,0.7
EXP_e268bf,DAT_b5778b,experiment_to_dataset,0.7
EXP_e268bf,DAT_aadaa6,experiment_to_dataset,0.7
EXP_e268bf,DAT_4f7f37,experiment_to_dataset,0.7
EXP_e268bf,DAT_60c8bb,experiment_to_dataset,0.7
EXP_e268bf,DAT_5391a0,experiment_to_dataset,0.7
EXP_e268bf,DAT_67299e,experiment_to_dataset,0.7
EXP_e268bf,DAT_65a6c1,experiment_to_dataset,0.7
EXP_e268bf,DAT_33d66d,experiment_to_dataset,0.7
EXP_e268bf,DAT_c3b81e,experiment_to_dataset,0.7
EXP_e268bf,DAT_45398e,experiment_to_dataset,0.7
EXP_e268bf,DAT_9ee783,experiment_to_dataset,0.7
EXP_e268bf,DAT_c850d3,experiment_to_dataset,0.7
EXP_e268bf,DAT_122ba2,experiment_to_dataset,0.7
EXP_e268bf,DAT_bbc354,experiment_to_dataset,0.7
EXP_e268bf,DAT_d277a2,experiment_to_dataset,0.7
EXP_e268bf,DAT_ebb56b,experiment_to_dataset,0.7
EXP_e268bf,DAT_5598ed,experiment_to_dataset,0.7
EXP_e268bf,DAT_2bfd93,experiment_to_dataset,0.7
EXP_e268bf,DAT_4c0201,experiment_to_dataset,0.7
EXP_e268bf,DAT_586a3c,experiment_to_dataset,0.7
EXP_e268bf,DAT_91b96a,experiment_to_dataset,0.7
EXP_e268bf,DAT_0b0253,experiment_to_dataset,0.7
EXP_e268bf,DAT_1321be,experiment_to_dataset,0.7
EXP_e268bf,DAT_ba9389,experiment_to_dataset,0.7
EXP_e268bf,DAT_57c632,experiment_to_dataset,0.7
EXP_e268bf,DAT_2fa2f1,experiment_to_dataset,0.7
EXP_e268bf,DAT_c9fb10,experiment_to_dataset,0.7
EXP_1ce55f,DAT_409b58,experiment_to_dataset,0.7
EXP_1ce55f,DAT_a57533,experiment_to_dataset,0.7
EXP_1ce55f,DAT_1be135,experiment_to_dataset,0.7
EXP_1ce55f,DAT_d0f272,experiment_to_dataset,0.7
EXP_1ce55f,DAT_fc35a8,experiment_to_dataset,0.7
EXP_1ce55f,DAT_ddaef4,experiment_to_dataset,0.7
EXP_1ce55f,DAT_2ef710,experiment_to_dataset,0.7
EXP_1ce55f,DAT_831141,experiment_to_dataset,0.7
EXP_1ce55f,DAT_eeaa7d,experiment_to_dataset,0.7
EXP_1ce55f,DAT_779fa5,experiment_to_dataset,0.7
EXP_1ce55f,DAT_81cfc7,experiment_to_dataset,0.7
EXP_1ce55f,DAT_7b0b32,experiment_to_dataset,0.7
EXP_1ce55f,DAT_451967,experiment_to_dataset,0.7
EXP_1ce55f,DAT_d88a4b,experiment_to_dataset,0.7
EXP_1ce55f,DAT_461690,experiment_to_dataset,0.7
EXP_1ce55f,DAT_bc7d78,experiment_to_dataset,0.7
EXP_1ce55f,DAT_424973,experiment_to_dataset,0.7
EXP_1ce55f,DAT_8cf8ac,experiment_to_dataset,0.7
EXP_1ce55f,DAT_c53843,experiment_to_dataset,0.7
EXP_1ce55f,DAT_0bd55f,experiment_to_dataset,0.7
EXP_1ce55f,DAT_db1b88,experiment_to_dataset,0.7
EXP_1ce55f,DAT_7858c5,experiment_to_dataset,0.7
EXP_1ce55f,DAT_128e7a,experiment_to_dataset,0.7
EXP_1ce55f,DAT_48101b,experiment_to_dataset,0.7
EXP_1ce55f,DAT_474bd6,experiment_to_dataset,0.7
EXP_1ce55f,DAT_68672b,experiment_to_dataset,0.7
EXP_1ce55f,DAT_b5778b,experiment_to_dataset,0.7
EXP_1ce55f,DAT_aadaa6,experiment_to_dataset,0.7
EXP_1ce55f,DAT_4f7f37,experiment_to_dataset,0.7
EXP_1ce55f,DAT_60c8bb,experiment_to_dataset,0.7
EXP_1ce55f,DAT_5391a0,experiment_to_dataset,0.7
EXP_1ce55f,DAT_67299e,experiment_to_dataset,0.7
EXP_1ce55f,DAT_65a6c1,experiment_to_dataset,0.7
EXP_1ce55f,DAT_33d66d,experiment_to_dataset,0.7
EXP_1ce55f,DAT_c3b81e,experiment_to_dataset,0.7
EXP_1ce55f,DAT_45398e,experiment_to_dataset,0.7
EXP_1ce55f,DAT_9ee783,experiment_to_dataset,0.7
EXP_1ce55f,DAT_c850d3,experiment_to_dataset,0.7
EXP_1ce55f,DAT_122ba2,experiment_to_dataset,0.7
EXP_1ce55f,DAT_bbc354,experiment_to_dataset,0.7
EXP_1ce55f,DAT_d277a2,experiment_to_dataset,0.7
EXP_1ce55f,DAT_ebb56b,experiment_to_dataset,0.7
EXP_1ce55f,DAT_5598ed,experiment_to_dataset,0.7
EXP_1ce55f,DAT_2bfd93,experiment_to_dataset,0.7
EXP_1ce55f,DAT_4c0201,experiment_to_dataset,0.7
EXP_1ce55f,DAT_586a3c,experiment_to_dataset,0.7
EXP_1ce55f,DAT_91b96a,experiment_to_dataset,0.7
EXP_1ce55f,DAT_0b0253,experiment_to_dataset,0.7
EXP_1ce55f,DAT_1321be,experiment_to_dataset,0.7
EXP_1ce55f,DAT_ba9389,experiment_to_dataset,0.7
EXP_1ce55f,DAT_57c632,experiment_to_dataset,0.7
EXP_1ce55f,DAT_2fa2f1,experiment_to_dataset,0.7
EXP_1ce55f,DAT_c9fb10,experiment_to_dataset,0.7
EXP_3f7733,DAT_409b58,experiment_to_dataset,0.7
EXP_3f7733,DAT_a57533,experiment_to_dataset,0.7
EXP_3f7733,DAT_1be135,experiment_to_dataset,0.7
EXP_3f7733,DAT_d0f272,experiment_to_dataset,0.7
EXP_3f7733,DAT_fc35a8,experiment_to_dataset,0.7
EXP_3f7733,DAT_ddaef4,experiment_to_dataset,0.7
EXP_3f7733,DAT_2ef710,experiment_to_dataset,0.7
EXP_3f7733,DAT_831141,experiment_to_dataset,0.7
EXP_3f7733,DAT_eeaa7d,experiment_to_dataset,0.7
EXP_3f7733,DAT_779fa5,experiment_to_dataset,0.7
EXP_3f7733,DAT_81cfc7,experiment_to_dataset,0.7
EXP_3f7733,DAT_7b0b32,experiment_to_dataset,0.7
EXP_3f7733,DAT_451967,experiment_to_dataset,0.7
EXP_3f7733,DAT_d88a4b,experiment_to_dataset,0.7
EXP_3f7733,DAT_461690,experiment_to_dataset,0.7
EXP_3f7733,DAT_bc7d78,experiment_to_dataset,0.7
EXP_3f7733,DAT_424973,experiment_to_dataset,0.7
EXP_3f7733,DAT_8cf8ac,experiment_to_dataset,0.7
EXP_3f7733,DAT_c53843,experiment_to_dataset,0.7
EXP_3f7733,DAT_0bd55f,experiment_to_dataset,0.7
EXP_3f7733,DAT_db1b88,experiment_to_dataset,0.7
EXP_3f7733,DAT_7858c5,experiment_to_dataset,0.7
EXP_3f7733,DAT_128e7a,experiment_to_dataset,0.7
EXP_3f7733,DAT_48101b,experiment_to_dataset,0.7
EXP_3f7733,DAT_474bd6,experiment_to_dataset,0.7
EXP_3f7733,DAT_68672b,experiment_to_dataset,0.7
EXP_3f7733,DAT_b5778b,experiment_to_dataset,0.7
EXP_3f7733,DAT_aadaa6,experiment_to_dataset,0.7
EXP_3f7733,DAT_4f7f37,experiment_to_dataset,0.7
EXP_3f7733,DAT_60c8bb,experiment_to_dataset,0.7
EXP_3f7733,DAT_5391a0,experiment_to_dataset,0.7
EXP_3f7733,DAT_67299e,experiment_to_dataset,0.7
EXP_3f7733,DAT_65a6c1,experiment_to_dataset,0.7
EXP_3f7733,DAT_33d66d,experiment_to_dataset,0.7
EXP_3f7733,DAT_c3b81e,experiment_to_dataset,0.7
EXP_3f7733,DAT_45398e,experiment_to_dataset,0.7
EXP_3f7733,DAT_9ee783,experiment_to_dataset,0.7
EXP_3f7733,DAT_c850d3,experiment_to_dataset,0.7
EXP_3f7733,DAT_122ba2,experiment_to_dataset,0.7
EXP_3f7733,DAT_bbc354,experiment_to_dataset,0.7
EXP_3f7733,DAT_d277a2,experiment_to_dataset,0.7
EXP_3f7733,DAT_ebb56b,experiment_to_dataset,0.7
EXP_3f7733,DAT_5598ed,experiment_to_dataset,0.7
EXP_3f7733,DAT_2bfd93,experiment_to_dataset,0.7
EXP_3f7733,DAT_4c0201,experiment_to_dataset,0.7
EXP_3f7733,DAT_586a3c,experiment_to_dataset,0.7
EXP_3f7733,DAT_91b96a,experiment_to_dataset,0.7
EXP_3f7733,DAT_0b0253,experiment_to_dataset,0.7
EXP_3f7733,DAT_1321be,experiment_to_dataset,0.7
EXP_3f7733,DAT_ba9389,experiment_to_dataset,0.7
EXP_3f7733,DAT_57c632,experiment_to_dataset,0.7
EXP_3f7733,DAT_2fa2f1,experiment_to_dataset,0.7
EXP_3f7733,DAT_c9fb10,experiment_to_dataset,0.7
EXP_73528a,DAT_409b58,experiment_to_dataset,0.7
EXP_73528a,DAT_a57533,experiment_to_dataset,0.7
EXP_73528a,DAT_1be135,experiment_to_dataset,0.7
EXP_73528a,DAT_d0f272,experiment_to_dataset,0.7
EXP_73528a,DAT_fc35a8,experiment_to_dataset,0.7
EXP_73528a,DAT_ddaef4,experiment_to_dataset,0.7
EXP_73528a,DAT_2ef710,experiment_to_dataset,0.7
EXP_73528a,DAT_831141,experiment_to_dataset,0.7
EXP_73528a,DAT_eeaa7d,experiment_to_dataset,0.7
EXP_73528a,DAT_779fa5,experiment_to_dataset,0.7
EXP_73528a,DAT_81cfc7,experiment_to_dataset,0.7
EXP_73528a,DAT_7b0b32,experiment_to_dataset,0.7
EXP_73528a,DAT_451967,experiment_to_dataset,0.7
EXP_73528a,DAT_d88a4b,experiment_to_dataset,0.7
EXP_73528a,DAT_461690,experiment_to_dataset,0.7
EXP_73528a,DAT_bc7d78,experiment_to_dataset,0.7
EXP_73528a,DAT_424973,experiment_to_dataset,0.7
EXP_73528a,DAT_8cf8ac,experiment_to_dataset,0.7
EXP_73528a,DAT_c53843,experiment_to_dataset,0.7
EXP_73528a,DAT_0bd55f,experiment_to_dataset,0.7
EXP_73528a,DAT_db1b88,experiment_to_dataset,0.7
EXP_73528a,DAT_7858c5,experiment_to_dataset,0.7
EXP_73528a,DAT_128e7a,experiment_to_dataset,0.7
EXP_73528a,DAT_48101b,experiment_to_dataset,0.7
EXP_73528a,DAT_474bd6,experiment_to_dataset,0.7
EXP_73528a,DAT_68672b,experiment_to_dataset,0.7
EXP_73528a,DAT_b5778b,experiment_to_dataset,0.7
EXP_73528a,DAT_aadaa6,experiment_to_dataset,0.7
EXP_73528a,DAT_4f7f37,experiment_to_dataset,0.7
EXP_73528a,DAT_60c8bb,experiment_to_dataset,0.7
EXP_73528a,DAT_5391a0,experiment_to_dataset,0.7
EXP_73528a,DAT_67299e,experiment_to_dataset,0.7
EXP_73528a,DAT_65a6c1,experiment_to_dataset,0.7
EXP_73528a,DAT_33d66d,experiment_to_dataset,0.7
EXP_73528a,DAT_c3b81e,experiment_to_dataset,0.7
EXP_73528a,DAT_45398e,experiment_to_dataset,0.7
EXP_73528a,DAT_9ee783,experiment_to_dataset,0.7
EXP_73528a,DAT_c850d3,experiment_to_dataset,0.7
EXP_73528a,DAT_122ba2,experiment_to_dataset,0.7
EXP_73528a,DAT_bbc354,experiment_to_dataset,0.7
EXP_73528a,DAT_d277a2,experiment_to_dataset,0.7
EXP_73528a,DAT_ebb56b,experiment_to_dataset,0.7
EXP_73528a,DAT_5598ed,experiment_to_dataset,0.7
EXP_73528a,DAT_2bfd93,experiment_to_dataset,0.7
EXP_73528a,DAT_4c0201,experiment_to_dataset,0.7
EXP_73528a,DAT_586a3c,experiment_to_dataset,0.7
EXP_73528a,DAT_91b96a,experiment_to_dataset,0.7
EXP_73528a,DAT_0b0253,experiment_to_dataset,0.7
EXP_73528a,DAT_1321be,experiment_to_dataset,0.7
EXP_73528a,DAT_ba9389,experiment_to_dataset,0.7
EXP_73528a,DAT_57c632,experiment_to_dataset,0.7
EXP_73528a,DAT_2fa2f1,experiment_to_dataset,0.7
EXP_73528a,DAT_c9fb10,experiment_to_dataset,0.7
EXP_68a3fa,DAT_409b58,experiment_to_dataset,0.7
EXP_68a3fa,DAT_a57533,experiment_to_dataset,0.7
EXP_68a3fa,DAT_1be135,experiment_to_dataset,0.7
EXP_68a3fa,DAT_d0f272,experiment_to_dataset,0.7
EXP_68a3fa,DAT_fc35a8,experiment_to_dataset,0.7
EXP_68a3fa,DAT_ddaef4,experiment_to_dataset,0.7
EXP_68a3fa,DAT_2ef710,experiment_to_dataset,0.7
EXP_68a3fa,DAT_831141,experiment_to_dataset,0.7
EXP_68a3fa,DAT_eeaa7d,experiment_to_dataset,0.7
EXP_68a3fa,DAT_779fa5,experiment_to_dataset,0.7
EXP_68a3fa,DAT_81cfc7,experiment_to_dataset,0.7
EXP_68a3fa,DAT_7b0b32,experiment_to_dataset,0.7
EXP_68a3fa,DAT_451967,experiment_to_dataset,0.7
EXP_68a3fa,DAT_d88a4b,experiment_to_dataset,0.7
EXP_68a3fa,DAT_461690,experiment_to_dataset,0.7
EXP_68a3fa,DAT_bc7d78,experiment_to_dataset,0.7
EXP_68a3fa,DAT_424973,experiment_to_dataset,0.7
EXP_68a3fa,DAT_8cf8ac,experiment_to_dataset,0.7
EXP_68a3fa,DAT_c53843,experiment_to_dataset,0.7
EXP_68a3fa,DAT_0bd55f,experiment_to_dataset,0.7
EXP_68a3fa,DAT_db1b88,experiment_to_dataset,0.7
EXP_68a3fa,DAT_7858c5,experiment_to_dataset,0.7
EXP_68a3fa,DAT_128e7a,experiment_to_dataset,0.7
EXP_68a3fa,DAT_48101b,experiment_to_dataset,0.7
EXP_68a3fa,DAT_474bd6,experiment_to_dataset,0.7
EXP_68a3fa,DAT_68672b,experiment_to_dataset,0.7
EXP_68a3fa,DAT_b5778b,experiment_to_dataset,0.7
EXP_68a3fa,DAT_aadaa6,experiment_to_dataset,0.7
EXP_68a3fa,DAT_4f7f37,experiment_to_dataset,0.7
EXP_68a3fa,DAT_60c8bb,experiment_to_dataset,0.7
EXP_68a3fa,DAT_5391a0,experiment_to_dataset,0.7
EXP_68a3fa,DAT_67299e,experiment_to_dataset,0.7
EXP_68a3fa,DAT_65a6c1,experiment_to_dataset,0.7
EXP_68a3fa,DAT_33d66d,experiment_to_dataset,0.7
EXP_68a3fa,DAT_c3b81e,experiment_to_dataset,0.7
EXP_68a3fa,DAT_45398e,experiment_to_dataset,0.7
EXP_68a3fa,DAT_9ee783,experiment_to_dataset,0.7
EXP_68a3fa,DAT_c850d3,experiment_to_dataset,0.7
EXP_68a3fa,DAT_122ba2,experiment_to_dataset,0.7
EXP_68a3fa,DAT_bbc354,experiment_to_dataset,0.7
EXP_68a3fa,DAT_d277a2,experiment_to_dataset,0.7
EXP_68a3fa,DAT_ebb56b,experiment_to_dataset,0.7
EXP_68a3fa,DAT_5598ed,experiment_to_dataset,0.7
EXP_68a3fa,DAT_2bfd93,experiment_to_dataset,0.7
EXP_68a3fa,DAT_4c0201,experiment_to_dataset,0.7
EXP_68a3fa,DAT_586a3c,experiment_to_dataset,0.7
EXP_68a3fa,DAT_91b96a,experiment_to_dataset,0.7
EXP_68a3fa,DAT_0b0253,experiment_to_dataset,0.7
EXP_68a3fa,DAT_1321be,experiment_to_dataset,0.7
EXP_68a3fa,DAT_ba9389,experiment_to_dataset,0.7
EXP_68a3fa,DAT_57c632,experiment_to_dataset,0.7
EXP_68a3fa,DAT_2fa2f1,experiment_to_dataset,0.7
EXP_68a3fa,DAT_c9fb10,experiment_to_dataset,0.7
DAT_409b58,ANA_38fa95,dataset_to_analysis,0.7
DAT_409b58,ANA_29574c,dataset_to_analysis,0.7
DAT_409b58,ANA_3c2d65,dataset_to_analysis,0.7
DAT_409b58,ANA_7c7fe5,dataset_to_analysis,0.7
DAT_409b58,ANA_56b170,dataset_to_analysis,0.7
DAT_409b58,ANA_31fccc,dataset_to_analysis,0.7
DAT_409b58,ANA_61d5bc,dataset_to_analysis,0.7
DAT_409b58,ANA_8cbbef,dataset_to_analysis,0.7
DAT_409b58,ANA_165407,dataset_to_analysis,0.7
DAT_409b58,ANA_597a16,dataset_to_analysis,0.7
DAT_409b58,ANA_6f03d1,dataset_to_analysis,0.7
DAT_a57533,ANA_38fa95,dataset_to_analysis,0.7
DAT_a57533,ANA_29574c,dataset_to_analysis,0.7
DAT_a57533,ANA_3c2d65,dataset_to_analysis,0.7
DAT_a57533,ANA_7c7fe5,dataset_to_analysis,0.7
DAT_a57533,ANA_56b170,dataset_to_analysis,0.7
DAT_a57533,ANA_31fccc,dataset_to_analysis,0.7
DAT_a57533,ANA_61d5bc,dataset_to_analysis,0.7
DAT_a57533,ANA_8cbbef,dataset_to_analysis,0.7
DAT_a57533,ANA_165407,dataset_to_analysis,0.7
DAT_a57533,ANA_597a16,dataset_to_analysis,0.7
DAT_a57533,ANA_6f03d1,dataset_to_analysis,0.7
DAT_1be135,ANA_38fa95,dataset_to_analysis,0.7
DAT_1be135,ANA_29574c,dataset_to_analysis,0.7
DAT_1be135,ANA_3c2d65,dataset_to_analysis,0.7
DAT_1be135,ANA_7c7fe5,dataset_to_analysis,0.7
DAT_1be135,ANA_56b170,dataset_to_analysis,0.7
DAT_1be135,ANA_31fccc,dataset_to_analysis,0.7
DAT_1be135,ANA_61d5bc,dataset_to_analysis,0.7
DAT_1be135,ANA_8cbbef,dataset_to_analysis,0.7
DAT_1be135,ANA_165407,dataset_to_analysis,0.7
DAT_1be135,ANA_597a16,dataset_to_analysis,0.7
DAT_1be135,ANA_6f03d1,dataset_to_analysis,0.7
DAT_d0f272,ANA_38fa95,dataset_to_analysis,0.7
DAT_d0f272,ANA_29574c,dataset_to_analysis,0.7
DAT_d0f272,ANA_3c2d65,dataset_to_analysis,0.7
DAT_d0f272,ANA_7c7fe5,dataset_to_analysis,0.7
DAT_d0f272,ANA_56b170,dataset_to_analysis,0.7
DAT_d0f272,ANA_31fccc,dataset_to_analysis,0.7
DAT_d0f272,ANA_61d5bc,dataset_to_analysis,0.7
DAT_d0f272,ANA_8cbbef,dataset_to_analysis,0.7
DAT_d0f272,ANA_165407,dataset_to_analysis,0.7
DAT_d0f272,ANA_597a16,dataset_to_analysis,0.7
DAT_d0f272,ANA_6f03d1,dataset_to_analysis,0.7
DAT_fc35a8,ANA_38fa95,dataset_to_analysis,0.7
DAT_fc35a8,ANA_29574c,dataset_to_analysis,0.7
DAT_fc35a8,ANA_3c2d65,dataset_to_analysis,0.7
DAT_fc35a8,ANA_7c7fe5,dataset_to_analysis,0.7
DAT_fc35a8,ANA_56b170,dataset_to_analysis,0.7
DAT_fc35a8,ANA_31fccc,dataset_to_analysis,0.7
DAT_fc35a8,ANA_61d5bc,dataset_to_analysis,0.7
DAT_fc35a8,ANA_8cbbef,dataset_to_analysis,0.7
DAT_fc35a8,ANA_165407,dataset_to_analysis,0.7
DAT_fc35a8,ANA_597a16,dataset_to_analysis,0.7
DAT_fc35a8,ANA_6f03d1,dataset_to_analysis,0.7
DAT_ddaef4,ANA_38fa95,dataset_to_analysis,0.7
DAT_ddaef4,ANA_29574c,dataset_to_analysis,0.7
DAT_ddaef4,ANA_3c2d65,dataset_to_analysis,0.7
DAT_ddaef4,ANA_7c7fe5,dataset_to_analysis,0.7
DAT_ddaef4,ANA_56b170,dataset_to_analysis,0.7
DAT_ddaef4,ANA_31fccc,dataset_to_analysis,0.7
DAT_ddaef4,ANA_61d5bc,dataset_to_analysis,0.7
DAT_ddaef4,ANA_8cbbef,dataset_to_analysis,0.7
DAT_ddaef4,ANA_165407,dataset_to_analysis,0.7
DAT_ddaef4,ANA_597a16,dataset_to_analysis,0.7
DAT_ddaef4,ANA_6f03d1,dataset_to_analysis,0.7
DAT_2ef710,ANA_38fa95,dataset_to_analysis,0.7
DAT_2ef710,ANA_29574c,dataset_to_analysis,0.7
DAT_2ef710,ANA_3c2d65,dataset_to_analysis,0.7
DAT_2ef710,ANA_7c7fe5,dataset_to_analysis,0.7
DAT_2ef710,ANA_56b170,dataset_to_analysis,0.7
DAT_2ef710,ANA_31fccc,dataset_to_analysis,0.7
DAT_2ef710,ANA_61d5bc,dataset_to_analysis,0.7
DAT_2ef710,ANA_8cbbef,dataset_to_analysis,0.7
DAT_2ef710,ANA_165407,dataset_to_analysis,0.7
DAT_2ef710,ANA_597a16,dataset_to_analysis,0.7
DAT_2ef710,ANA_6f03d1,dataset_to_analysis,0.7
DAT_831141,ANA_38fa95,dataset_to_analysis,0.7
DAT_831141,ANA_29574c,dataset_to_analysis,0.7
DAT_831141,ANA_3c2d65,dataset_to_analysis,0.7
DAT_831141,ANA_7c7fe5,dataset_to_analysis,0.7
DAT_831141,ANA_56b170,dataset_to_analysis,0.7
DAT_831141,ANA_31fccc,dataset_to_analysis,0.7
DAT_831141,ANA_61d5bc,dataset_to_analysis,0.7
DAT_831141,ANA_8cbbef,dataset_to_analysis,0.7
DAT_831141,ANA_165407,dataset_to_analysis,0.7
DAT_831141,ANA_597a16,dataset_to_analysis,0.7
DAT_831141,ANA_6f03d1,dataset_to_analysis,0.7
DAT_eeaa7d,ANA_38fa95,dataset_to_analysis,0.7
DAT_eeaa7d,ANA_29574c,dataset_to_analysis,0.7
DAT_eeaa7d,ANA_3c2d65,dataset_to_analysis,0.7
DAT_eeaa7d,ANA_7c7fe5,dataset_to_analysis,0.7
DAT_eeaa7d,ANA_56b170,dataset_to_analysis,0.7
DAT_eeaa7d,ANA_31fccc,dataset_to_analysis,0.7
DAT_eeaa7d,ANA_61d5bc,dataset_to_analysis,0.7
DAT_eeaa7d,ANA_8cbbef,dataset_to_analysis,0.7
DAT_eeaa7d,ANA_165407,dataset_to_analysis,0.7
DAT_eeaa7d,ANA_597a16,dataset_to_analysis,0.7
DAT_eeaa7d,ANA_6f03d1,dataset_to_analysis,0.7
DAT_779fa5,ANA_38fa95,dataset_to_analysis,0.7
DAT_779fa5,ANA_29574c,dataset_to_analysis,0.7
DAT_779fa5,ANA_3c2d65,dataset_to_analysis,0.7
DAT_779fa5,ANA_7c7fe5,dataset_to_analysis,0.7
DAT_779fa5,ANA_56b170,dataset_to_analysis,0.7
DAT_779fa5,ANA_31fccc,dataset_to_analysis,0.7
DAT_779fa5,ANA_61d5bc,dataset_to_analysis,0.7
DAT_779fa5,ANA_8cbbef,dataset_to_analysis,0.7
DAT_779fa5,ANA_165407,dataset_to_analysis,0.7
DAT_779fa5,ANA_597a16,dataset_to_analysis,0.7
DAT_779fa5,ANA_6f03d1,dataset_to_analysis,0.7
DAT_81cfc7,ANA_38fa95,dataset_to_analysis,0.7
DAT_81cfc7,ANA_29574c,dataset_to_analysis,0.7
DAT_81cfc7,ANA_3c2d65,dataset_to_analysis,0.7
DAT_81cfc7,ANA_7c7fe5,dataset_to_analysis,0.7
DAT_81cfc7,ANA_56b170,dataset_to_analysis,0.7
DAT_81cfc7,ANA_31fccc,dataset_to_analysis,0.7
DAT_81cfc7,ANA_61d5bc,dataset_to_analysis,0.7
DAT_81cfc7,ANA_8cbbef,dataset_to_analysis,0.7
DAT_81cfc7,ANA_165407,dataset_to_analysis,0.7
DAT_81cfc7,ANA_597a16,dataset_to_analysis,0.7
DAT_81cfc7,ANA_6f03d1,dataset_to_analysis,0.7
DAT_7b0b32,ANA_38fa95,dataset_to_analysis,0.7
DAT_7b0b32,ANA_29574c,dataset_to_analysis,0.7
DAT_7b0b32,ANA_3c2d65,dataset_to_analysis,0.7
DAT_7b0b32,ANA_7c7fe5,dataset_to_analysis,0.7
DAT_7b0b32,ANA_56b170,dataset_to_analysis,0.7
DAT_7b0b32,ANA_31fccc,dataset_to_analysis,0.7
DAT_7b0b32,ANA_61d5bc,dataset_to_analysis,0.7
DAT_7b0b32,ANA_8cbbef,dataset_to_analysis,0.7
DAT_7b0b32,ANA_165407,dataset_to_analysis,0.7
DAT_7b0b32,ANA_597a16,dataset_to_analysis,0.7
DAT_7b0b32,ANA_6f03d1,dataset_to_analysis,0.7
DAT_451967,ANA_38fa95,dataset_to_analysis,0.7
DAT_451967,ANA_29574c,dataset_to_analysis,0.7
DAT_451967,ANA_3c2d65,dataset_to_analysis,0.7
DAT_451967,ANA_7c7fe5,dataset_to_analysis,0.7
DAT_451967,ANA_56b170,dataset_to_analysis,0.7
DAT_451967,ANA_31fccc,dataset_to_analysis,0.7
DAT_451967,ANA_61d5bc,dataset_to_analysis,0.7
DAT_451967,ANA_8cbbef,dataset_to_analysis,0.7
DAT_451967,ANA_165407,dataset_to_analysis,0.7
DAT_451967,ANA_597a16,dataset_to_analysis,0.7
DAT_451967,ANA_6f03d1,dataset_to_analysis,0.7
DAT_d88a4b,ANA_38fa95,dataset_to_analysis,0.7
DAT_d88a4b,ANA_29574c,dataset_to_analysis,0.7
DAT_d88a4b,ANA_3c2d65,dataset_to_analysis,0.7
DAT_d88a4b,ANA_7c7fe5,dataset_to_analysis,0.7
DAT_d88a4b,ANA_56b170,dataset_to_analysis,0.7
DAT_d88a4b,ANA_31fccc,dataset_to_analysis,0.7
DAT_d88a4b,ANA_61d5bc,dataset_to_analysis,0.7
DAT_d88a4b,ANA_8cbbef,dataset_to_analysis,0.7
DAT_d88a4b,ANA_165407,dataset_to_analysis,0.7
DAT_d88a4b,ANA_597a16,dataset_to_analysis,0.7
DAT_d88a4b,ANA_6f03d1,dataset_to_analysis,0.7
DAT_461690,ANA_38fa95,dataset_to_analysis,0.7
DAT_461690,ANA_29574c,dataset_to_analysis,0.7
DAT_461690,ANA_3c2d65,dataset_to_analysis,0.7
DAT_461690,ANA_7c7fe5,dataset_to_analysis,0.7
DAT_461690,ANA_56b170,dataset_to_analysis,0.7
DAT_461690,ANA_31fccc,dataset_to_analysis,0.7
DAT_461690,ANA_61d5bc,dataset_to_analysis,0.7
DAT_461690,ANA_8cbbef,dataset_to_analysis,0.7
DAT_461690,ANA_165407,dataset_to_analysis,0.7
DAT_461690,ANA_597a16,dataset_to_analysis,0.7
DAT_461690,ANA_6f03d1,dataset_to_analysis,0.7
DAT_bc7d78,ANA_38fa95,dataset_to_analysis,0.7
DAT_bc7d78,ANA_29574c,dataset_to_analysis,0.7
DAT_bc7d78,ANA_3c2d65,dataset_to_analysis,0.7
DAT_bc7d78,ANA_7c7fe5,dataset_to_analysis,0.7
DAT_bc7d78,ANA_56b170,dataset_to_analysis,0.7
DAT_bc7d78,ANA_31fccc,dataset_to_analysis,0.7
DAT_bc7d78,ANA_61d5bc,dataset_to_analysis,0.7
DAT_bc7d78,ANA_8cbbef,dataset_to_analysis,0.7
DAT_bc7d78,ANA_165407,dataset_to_analysis,0.7
DAT_bc7d78,ANA_597a16,dataset_to_analysis,0.7
DAT_bc7d78,ANA_6f03d1,dataset_to_analysis,0.7
DAT_424973,ANA_38fa95,dataset_to_analysis,0.7
DAT_424973,ANA_29574c,dataset_to_analysis,0.7
DAT_424973,ANA_3c2d65,dataset_to_analysis,0.7
DAT_424973,ANA_7c7fe5,dataset_to_analysis,0.7
DAT_424973,ANA_56b170,dataset_to_analysis,0.7
DAT_424973,ANA_31fccc,dataset_to_analysis,0.7
DAT_424973,ANA_61d5bc,dataset_to_analysis,0.7
DAT_424973,ANA_8cbbef,dataset_to_analysis,0.7
DAT_424973,ANA_165407,dataset_to_analysis,0.7
DAT_424973,ANA_597a16,dataset_to_analysis,0.7
DAT_424973,ANA_6f03d1,dataset_to_analysis,0.7
DAT_8cf8ac,ANA_38fa95,dataset_to_analysis,0.7
DAT_8cf8ac,ANA_29574c,dataset_to_analysis,0.7
DAT_8cf8ac,ANA_3c2d65,dataset_to_analysis,0.7
DAT_8cf8ac,ANA_7c7fe5,dataset_to_analysis,0.7
DAT_8cf8ac,ANA_56b170,dataset_to_analysis,0.7
DAT_8cf8ac,ANA_31fccc,dataset_to_analysis,0.7
DAT_8cf8ac,ANA_61d5bc,dataset_to_analysis,0.7
DAT_8cf8ac,ANA_8cbbef,dataset_to_analysis,0.7
DAT_8cf8ac,ANA_165407,dataset_to_analysis,0.7
DAT_8cf8ac,ANA_597a16,dataset_to_analysis,0.7
DAT_8cf8ac,ANA_6f03d1,dataset_to_analysis,0.7
DAT_c53843,ANA_38fa95,dataset_to_analysis,0.7
DAT_c53843,ANA_29574c,dataset_to_analysis,0.7
DAT_c53843,ANA_3c2d65,dataset_to_analysis,0.7
DAT_c53843,ANA_7c7fe5,dataset_to_analysis,0.7
DAT_c53843,ANA_56b170,dataset_to_analysis,0.7
DAT_c53843,ANA_31fccc,dataset_to_analysis,0.7
DAT_c53843,ANA_61d5bc,dataset_to_analysis,0.7
DAT_c53843,ANA_8cbbef,dataset_to_analysis,0.7
DAT_c53843,ANA_165407,dataset_to_analysis,0.7
DAT_c53843,ANA_597a16,dataset_to_analysis,0.7
DAT_c53843,ANA_6f03d1,dataset_to_analysis,0.7
DAT_0bd55f,ANA_38fa95,dataset_to_analysis,0.7
DAT_0bd55f,ANA_29574c,dataset_to_analysis,0.7
DAT_0bd55f,ANA_3c2d65,dataset_to_analysis,0.7
DAT_0bd55f,ANA_7c7fe5,dataset_to_analysis,0.7
DAT_0bd55f,ANA_56b170,dataset_to_analysis,0.7
DAT_0bd55f,ANA_31fccc,dataset_to_analysis,0.7
DAT_0bd55f,ANA_61d5bc,dataset_to_analysis,0.7
DAT_0bd55f,ANA_8cbbef,dataset_to_analysis,0.7
DAT_0bd55f,ANA_165407,dataset_to_analysis,0.7
DAT_0bd55f,ANA_597a16,dataset_to_analysis,0.7
DAT_0bd55f,ANA_6f03d1,dataset_to_analysis,0.7
DAT_db1b88,ANA_38fa95,dataset_to_analysis,0.7
DAT_db1b88,ANA_29574c,dataset_to_analysis,0.7
DAT_db1b88,ANA_3c2d65,dataset_to_analysis,0.7
DAT_db1b88,ANA_7c7fe5,dataset_to_analysis,0.7
DAT_db1b88,ANA_56b170,dataset_to_analysis,0.7
DAT_db1b88,ANA_31fccc,dataset_to_analysis,0.7
DAT_db1b88,ANA_61d5bc,dataset_to_analysis,0.7
DAT_db1b88,ANA_8cbbef,dataset_to_analysis,0.7
DAT_db1b88,ANA_165407,dataset_to_analysis,0.7
DAT_db1b88,ANA_597a16,dataset_to_analysis,0.7
DAT_db1b88,ANA_6f03d1,dataset_to_analysis,0.7
DAT_7858c5,ANA_38fa95,dataset_to_analysis,0.7
DAT_7858c5,ANA_29574c,dataset_to_analysis,0.7
DAT_7858c5,ANA_3c2d65,dataset_to_analysis,0.7
DAT_7858c5,ANA_7c7fe5,dataset_to_analysis,0.7
DAT_7858c5,ANA_56b170,dataset_to_analysis,0.7
DAT_7858c5,ANA_31fccc,dataset_to_analysis,0.7
DAT_7858c5,ANA_61d5bc,dataset_to_analysis,0.7
DAT_7858c5,ANA_8cbbef,dataset_to_analysis,0.7
DAT_7858c5,ANA_165407,dataset_to_analysis,0.7
DAT_7858c5,ANA_597a16,dataset_to_analysis,0.7
DAT_7858c5,ANA_6f03d1,dataset_to_analysis,0.7
DAT_128e7a,ANA_38fa95,dataset_to_analysis,0.7
DAT_128e7a,ANA_29574c,dataset_to_analysis,0.7
DAT_128e7a,ANA_3c2d65,dataset_to_analysis,0.7
DAT_128e7a,ANA_7c7fe5,dataset_to_analysis,0.7
DAT_128e7a,ANA_56b170,dataset_to_analysis,0.7
DAT_128e7a,ANA_31fccc,dataset_to_analysis,0.7
DAT_128e7a,ANA_61d5bc,dataset_to_analysis,0.7
DAT_128e7a,ANA_8cbbef,dataset_to_analysis,0.7
DAT_128e7a,ANA_165407,dataset_to_analysis,0.7
DAT_128e7a,ANA_597a16,dataset_to_analysis,0.7
DAT_128e7a,ANA_6f03d1,dataset_to_analysis,0.7
DAT_48101b,ANA_38fa95,dataset_to_analysis,0.7
DAT_48101b,ANA_29574c,dataset_to_analysis,0.7
DAT_48101b,ANA_3c2d65,dataset_to_analysis,0.7
DAT_48101b,ANA_7c7fe5,dataset_to_analysis,0.7
DAT_48101b,ANA_56b170,dataset_to_analysis,0.7
DAT_48101b,ANA_31fccc,dataset_to_analysis,0.7
DAT_48101b,ANA_61d5bc,dataset_to_analysis,0.7
DAT_48101b,ANA_8cbbef,dataset_to_analysis,0.7
DAT_48101b,ANA_165407,dataset_to_analysis,0.7
DAT_48101b,ANA_597a16,dataset_to_analysis,0.7
DAT_48101b,ANA_6f03d1,dataset_to_analysis,0.7
DAT_474bd6,ANA_38fa95,dataset_to_analysis,0.7
DAT_474bd6,ANA_29574c,dataset_to_analysis,0.7
DAT_474bd6,ANA_3c2d65,dataset_to_analysis,0.7
DAT_474bd6,ANA_7c7fe5,dataset_to_analysis,0.7
DAT_474bd6,ANA_56b170,dataset_to_analysis,0.7
DAT_474bd6,ANA_31fccc,dataset_to_analysis,0.7
DAT_474bd6,ANA_61d5bc,dataset_to_analysis,0.7
DAT_474bd6,ANA_8cbbef,dataset_to_analysis,0.7
DAT_474bd6,ANA_165407,dataset_to_analysis,0.7
DAT_474bd6,ANA_597a16,dataset_to_analysis,0.7
DAT_474bd6,ANA_6f03d1,dataset_to_analysis,0.7
DAT_68672b,ANA_38fa95,dataset_to_analysis,0.7
DAT_68672b,ANA_29574c,dataset_to_analysis,0.7
DAT_68672b,ANA_3c2d65,dataset_to_analysis,0.7
DAT_68672b,ANA_7c7fe5,dataset_to_analysis,0.7
DAT_68672b,ANA_56b170,dataset_to_analysis,0.7
DAT_68672b,ANA_31fccc,dataset_to_analysis,0.7
DAT_68672b,ANA_61d5bc,dataset_to_analysis,0.7
DAT_68672b,ANA_8cbbef,dataset_to_analysis,0.7
DAT_68672b,ANA_165407,dataset_to_analysis,0.7
DAT_68672b,ANA_597a16,dataset_to_analysis,0.7
DAT_68672b,ANA_6f03d1,dataset_to_analysis,0.7
DAT_b5778b,ANA_38fa95,dataset_to_analysis,0.7
DAT_b5778b,ANA_29574c,dataset_to_analysis,0.7
DAT_b5778b,ANA_3c2d65,dataset_to_analysis,0.7
DAT_b5778b,ANA_7c7fe5,dataset_to_analysis,0.7
DAT_b5778b,ANA_56b170,dataset_to_analysis,0.7
DAT_b5778b,ANA_31fccc,dataset_to_analysis,0.7
DAT_b5778b,ANA_61d5bc,dataset_to_analysis,0.7
DAT_b5778b,ANA_8cbbef,dataset_to_analysis,0.7
DAT_b5778b,ANA_165407,dataset_to_analysis,0.7
DAT_b5778b,ANA_597a16,dataset_to_analysis,0.7
DAT_b5778b,ANA_6f03d1,dataset_to_analysis,0.7
DAT_aadaa6,ANA_38fa95,dataset_to_analysis,0.7
DAT_aadaa6,ANA_29574c,dataset_to_analysis,0.7
DAT_aadaa6,ANA_3c2d65,dataset_to_analysis,0.7
DAT_aadaa6,ANA_7c7fe5,dataset_to_analysis,0.7
DAT_aadaa6,ANA_56b170,dataset_to_analysis,0.7
DAT_aadaa6,ANA_31fccc,dataset_to_analysis,0.7
DAT_aadaa6,ANA_61d5bc,dataset_to_analysis,0.7
DAT_aadaa6,ANA_8cbbef,dataset_to_analysis,0.7
DAT_aadaa6,ANA_165407,dataset_to_analysis,0.7
DAT_aadaa6,ANA_597a16,dataset_to_analysis,0.7
DAT_aadaa6,ANA_6f03d1,dataset_to_analysis,0.7
DAT_4f7f37,ANA_38fa95,dataset_to_analysis,0.7
DAT_4f7f37,ANA_29574c,dataset_to_analysis,0.7
DAT_4f7f37,ANA_3c2d65,dataset_to_analysis,0.7
DAT_4f7f37,ANA_7c7fe5,dataset_to_analysis,0.7
DAT_4f7f37,ANA_56b170,dataset_to_analysis,0.7
DAT_4f7f37,ANA_31fccc,dataset_to_analysis,0.7
DAT_4f7f37,ANA_61d5bc,dataset_to_analysis,0.7
DAT_4f7f37,ANA_8cbbef,dataset_to_analysis,0.7
DAT_4f7f37,ANA_165407,dataset_to_analysis,0.7
DAT_4f7f37,ANA_597a16,dataset_to_analysis,0.7
DAT_4f7f37,ANA_6f03d1,dataset_to_analysis,0.7
DAT_60c8bb,ANA_38fa95,dataset_to_analysis,0.7
DAT_60c8bb,ANA_29574c,dataset_to_analysis,0.7
DAT_60c8bb,ANA_3c2d65,dataset_to_analysis,0.7
DAT_60c8bb,ANA_7c7fe5,dataset_to_analysis,0.7
DAT_60c8bb,ANA_56b170,dataset_to_analysis,0.7
DAT_60c8bb,ANA_31fccc,dataset_to_analysis,0.7
DAT_60c8bb,ANA_61d5bc,dataset_to_analysis,0.7
DAT_60c8bb,ANA_8cbbef,dataset_to_analysis,0.7
DAT_60c8bb,ANA_165407,dataset_to_analysis,0.7
DAT_60c8bb,ANA_597a16,dataset_to_analysis,0.7
DAT_60c8bb,ANA_6f03d1,dataset_to_analysis,0.7
DAT_5391a0,ANA_38fa95,dataset_to_analysis,0.7
DAT_5391a0,ANA_29574c,dataset_to_analysis,0.7
DAT_5391a0,ANA_3c2d65,dataset_to_analysis,0.7
DAT_5391a0,ANA_7c7fe5,dataset_to_analysis,0.7
DAT_5391a0,ANA_56b170,dataset_to_analysis,0.7
DAT_5391a0,ANA_31fccc,dataset_to_analysis,0.7
DAT_5391a0,ANA_61d5bc,dataset_to_analysis,0.7
DAT_5391a0,ANA_8cbbef,dataset_to_analysis,0.7
DAT_5391a0,ANA_165407,dataset_to_analysis,0.7
DAT_5391a0,ANA_597a16,dataset_to_analysis,0.7
DAT_5391a0,ANA_6f03d1,dataset_to_analysis,0.7
DAT_67299e,ANA_38fa95,dataset_to_analysis,0.7
DAT_67299e,ANA_29574c,dataset_to_analysis,0.7
DAT_67299e,ANA_3c2d65,dataset_to_analysis,0.7
DAT_67299e,ANA_7c7fe5,dataset_to_analysis,0.7
DAT_67299e,ANA_56b170,dataset_to_analysis,0.7
DAT_67299e,ANA_31fccc,dataset_to_analysis,0.7
DAT_67299e,ANA_61d5bc,dataset_to_analysis,0.7
DAT_67299e,ANA_8cbbef,dataset_to_analysis,0.7
DAT_67299e,ANA_165407,dataset_to_analysis,0.7
DAT_67299e,ANA_597a16,dataset_to_analysis,0.7
DAT_67299e,ANA_6f03d1,dataset_to_analysis,0.7
DAT_65a6c1,ANA_38fa95,dataset_to_analysis,0.7
DAT_65a6c1,ANA_29574c,dataset_to_analysis,0.7
DAT_65a6c1,ANA_3c2d65,dataset_to_analysis,0.7
DAT_65a6c1,ANA_7c7fe5,dataset_to_analysis,0.7
DAT_65a6c1,ANA_56b170,dataset_to_analysis,0.7
DAT_65a6c1,ANA_31fccc,dataset_to_analysis,0.7
DAT_65a6c1,ANA_61d5bc,dataset_to_analysis,0.7
DAT_65a6c1,ANA_8cbbef,dataset_to_analysis,0.7
DAT_65a6c1,ANA_165407,dataset_to_analysis,0.7
DAT_65a6c1,ANA_597a16,dataset_to_analysis,0.7
DAT_65a6c1,ANA_6f03d1,dataset_to_analysis,0.7
DAT_33d66d,ANA_38fa95,dataset_to_analysis,0.7
DAT_33d66d,ANA_29574c,dataset_to_analysis,0.7
DAT_33d66d,ANA_3c2d65,dataset_to_analysis,0.7
DAT_33d66d,ANA_7c7fe5,dataset_to_analysis,0.7
DAT_33d66d,ANA_56b170,dataset_to_analysis,0.7
DAT_33d66d,ANA_31fccc,dataset_to_analysis,0.7
DAT_33d66d,ANA_61d5bc,dataset_to_analysis,0.7
DAT_33d66d,ANA_8cbbef,dataset_to_analysis,0.7
DAT_33d66d,ANA_165407,dataset_to_analysis,0.7
DAT_33d66d,ANA_597a16,dataset_to_analysis,0.7
DAT_33d66d,ANA_6f03d1,dataset_to_analysis,0.7
DAT_c3b81e,ANA_38fa95,dataset_to_analysis,0.7
DAT_c3b81e,ANA_29574c,dataset_to_analysis,0.7
DAT_c3b81e,ANA_3c2d65,dataset_to_analysis,0.7
DAT_c3b81e,ANA_7c7fe5,dataset_to_analysis,0.7
DAT_c3b81e,ANA_56b170,dataset_to_analysis,0.7
DAT_c3b81e,ANA_31fccc,dataset_to_analysis,0.7
DAT_c3b81e,ANA_61d5bc,dataset_to_analysis,0.7
DAT_c3b81e,ANA_8cbbef,dataset_to_analysis,0.7
DAT_c3b81e,ANA_165407,dataset_to_analysis,0.7
DAT_c3b81e,ANA_597a16,dataset_to_analysis,0.7
DAT_c3b81e,ANA_6f03d1,dataset_to_analysis,0.7
DAT_45398e,ANA_38fa95,dataset_to_analysis,0.7
DAT_45398e,ANA_29574c,dataset_to_analysis,0.7
DAT_45398e,ANA_3c2d65,dataset_to_analysis,0.7
DAT_45398e,ANA_7c7fe5,dataset_to_analysis,0.7
DAT_45398e,ANA_56b170,dataset_to_analysis,0.7
DAT_45398e,ANA_31fccc,dataset_to_analysis,0.7
DAT_45398e,ANA_61d5bc,dataset_to_analysis,0.7
DAT_45398e,ANA_8cbbef,dataset_to_analysis,0.7
DAT_45398e,ANA_165407,dataset_to_analysis,0.7
DAT_45398e,ANA_597a16,dataset_to_analysis,0.7
DAT_45398e,ANA_6f03d1,dataset_to_analysis,0.7
DAT_9ee783,ANA_38fa95,dataset_to_analysis,0.7
DAT_9ee783,ANA_29574c,dataset_to_analysis,0.7
DAT_9ee783,ANA_3c2d65,dataset_to_analysis,0.7
DAT_9ee783,ANA_7c7fe5,dataset_to_analysis,0.7
DAT_9ee783,ANA_56b170,dataset_to_analysis,0.7
DAT_9ee783,ANA_31fccc,dataset_to_analysis,0.7
DAT_9ee783,ANA_61d5bc,dataset_to_analysis,0.7
DAT_9ee783,ANA_8cbbef,dataset_to_analysis,0.7
DAT_9ee783,ANA_165407,dataset_to_analysis,0.7
DAT_9ee783,ANA_597a16,dataset_to_analysis,0.7
DAT_9ee783,ANA_6f03d1,dataset_to_analysis,0.7
DAT_c850d3,ANA_38fa95,dataset_to_analysis,0.7
DAT_c850d3,ANA_29574c,dataset_to_analysis,0.7
DAT_c850d3,ANA_3c2d65,dataset_to_analysis,0.7
DAT_c850d3,ANA_7c7fe5,dataset_to_analysis,0.7
DAT_c850d3,ANA_56b170,dataset_to_analysis,0.7
DAT_c850d3,ANA_31fccc,dataset_to_analysis,0.7
DAT_c850d3,ANA_61d5bc,dataset_to_analysis,0.7
DAT_c850d3,ANA_8cbbef,dataset_to_analysis,0.7
DAT_c850d3,ANA_165407,dataset_to_analysis,0.7
DAT_c850d3,ANA_597a16,dataset_to_analysis,0.7
DAT_c850d3,ANA_6f03d1,dataset_to_analysis,0.7
DAT_122ba2,ANA_38fa95,dataset_to_analysis,0.7
DAT_122ba2,ANA_29574c,dataset_to_analysis,0.7
DAT_122ba2,ANA_3c2d65,dataset_to_analysis,0.7
DAT_122ba2,ANA_7c7fe5,dataset_to_analysis,0.7
DAT_122ba2,ANA_56b170,dataset_to_analysis,0.7
DAT_122ba2,ANA_31fccc,dataset_to_analysis,0.7
DAT_122ba2,ANA_61d5bc,dataset_to_analysis,0.7
DAT_122ba2,ANA_8cbbef,dataset_to_analysis,0.7
DAT_122ba2,ANA_165407,dataset_to_analysis,0.7
DAT_122ba2,ANA_597a16,dataset_to_analysis,0.7
DAT_122ba2,ANA_6f03d1,dataset_to_analysis,0.7
DAT_bbc354,ANA_38fa95,dataset_to_analysis,0.7
DAT_bbc354,ANA_29574c,dataset_to_analysis,0.7
DAT_bbc354,ANA_3c2d65,dataset_to_analysis,0.7
DAT_bbc354,ANA_7c7fe5,dataset_to_analysis,0.7
DAT_bbc354,ANA_56b170,dataset_to_analysis,0.7
DAT_bbc354,ANA_31fccc,dataset_to_analysis,0.7
DAT_bbc354,ANA_61d5bc,dataset_to_analysis,0.7
DAT_bbc354,ANA_8cbbef,dataset_to_analysis,0.7
DAT_bbc354,ANA_165407,dataset_to_analysis,0.7
DAT_bbc354,ANA_597a16,dataset_to_analysis,0.7
DAT_bbc354,ANA_6f03d1,dataset_to_analysis,0.7
DAT_d277a2,ANA_38fa95,dataset_to_analysis,0.7
DAT_d277a2,ANA_29574c,dataset_to_analysis,0.7
DAT_d277a2,ANA_3c2d65,dataset_to_analysis,0.7
DAT_d277a2,ANA_7c7fe5,dataset_to_analysis,0.7
DAT_d277a2,ANA_56b170,dataset_to_analysis,0.7
DAT_d277a2,ANA_31fccc,dataset_to_analysis,0.7
DAT_d277a2,ANA_61d5bc,dataset_to_analysis,0.7
DAT_d277a2,ANA_8cbbef,dataset_to_analysis,0.7
DAT_d277a2,ANA_165407,dataset_to_analysis,0.7
DAT_d277a2,ANA_597a16,dataset_to_analysis,0.7
DAT_d277a2,ANA_6f03d1,dataset_to_analysis,0.7
DAT_ebb56b,ANA_38fa95,dataset_to_analysis,0.7
DAT_ebb56b,ANA_29574c,dataset_to_analysis,0.7
DAT_ebb56b,ANA_3c2d65,dataset_to_analysis,0.7
DAT_ebb56b,ANA_7c7fe5,dataset_to_analysis,0.7
DAT_ebb56b,ANA_56b170,dataset_to_analysis,0.7
DAT_ebb56b,ANA_31fccc,dataset_to_analysis,0.7
DAT_ebb56b,ANA_61d5bc,dataset_to_analysis,0.7
DAT_ebb56b,ANA_8cbbef,dataset_to_analysis,0.7
DAT_ebb56b,ANA_165407,dataset_to_analysis,0.7
DAT_ebb56b,ANA_597a16,dataset_to_analysis,0.7
DAT_ebb56b,ANA_6f03d1,dataset_to_analysis,0.7
DAT_5598ed,ANA_38fa95,dataset_to_analysis,0.7
DAT_5598ed,ANA_29574c,dataset_to_analysis,0.7
DAT_5598ed,ANA_3c2d65,dataset_to_analysis,0.7
DAT_5598ed,ANA_7c7fe5,dataset_to_analysis,0.7
DAT_5598ed,ANA_56b170,dataset_to_analysis,0.7
DAT_5598ed,ANA_31fccc,dataset_to_analysis,0.7
DAT_5598ed,ANA_61d5bc,dataset_to_analysis,0.7
DAT_5598ed,ANA_8cbbef,dataset_to_analysis,0.7
DAT_5598ed,ANA_165407,dataset_to_analysis,0.7
DAT_5598ed,ANA_597a16,dataset_to_analysis,0.7
DAT_5598ed,ANA_6f03d1,dataset_to_analysis,0.7
DAT_2bfd93,ANA_38fa95,dataset_to_analysis,0.7
DAT_2bfd93,ANA_29574c,dataset_to_analysis,0.7
DAT_2bfd93,ANA_3c2d65,dataset_to_analysis,0.7
DAT_2bfd93,ANA_7c7fe5,dataset_to_analysis,0.7
DAT_2bfd93,ANA_56b170,dataset_to_analysis,0.7
DAT_2bfd93,ANA_31fccc,dataset_to_analysis,0.7
DAT_2bfd93,ANA_61d5bc,dataset_to_analysis,0.7
DAT_2bfd93,ANA_8cbbef,dataset_to_analysis,0.7
DAT_2bfd93,ANA_165407,dataset_to_analysis,0.7
DAT_2bfd93,ANA_597a16,dataset_to_analysis,0.7
DAT_2bfd93,ANA_6f03d1,dataset_to_analysis,0.7
DAT_4c0201,ANA_38fa95,dataset_to_analysis,0.7
DAT_4c0201,ANA_29574c,dataset_to_analysis,0.7
DAT_4c0201,ANA_3c2d65,dataset_to_analysis,0.7
DAT_4c0201,ANA_7c7fe5,dataset_to_analysis,0.7
DAT_4c0201,ANA_56b170,dataset_to_analysis,0.7
DAT_4c0201,ANA_31fccc,dataset_to_analysis,0.7
DAT_4c0201,ANA_61d5bc,dataset_to_analysis,0.7
DAT_4c0201,ANA_8cbbef,dataset_to_analysis,0.7
DAT_4c0201,ANA_165407,dataset_to_analysis,0.7
DAT_4c0201,ANA_597a16,dataset_to_analysis,0.7
DAT_4c0201,ANA_6f03d1,dataset_to_analysis,0.7
DAT_586a3c,ANA_38fa95,dataset_to_analysis,0.7
DAT_586a3c,ANA_29574c,dataset_to_analysis,0.7
DAT_586a3c,ANA_3c2d65,dataset_to_analysis,0.7
DAT_586a3c,ANA_7c7fe5,dataset_to_analysis,0.7
DAT_586a3c,ANA_56b170,dataset_to_analysis,0.7
DAT_586a3c,ANA_31fccc,dataset_to_analysis,0.7
DAT_586a3c,ANA_61d5bc,dataset_to_analysis,0.7
DAT_586a3c,ANA_8cbbef,dataset_to_analysis,0.7
DAT_586a3c,ANA_165407,dataset_to_analysis,0.7
DAT_586a3c,ANA_597a16,dataset_to_analysis,0.7
DAT_586a3c,ANA_6f03d1,dataset_to_analysis,0.7
DAT_91b96a,ANA_38fa95,dataset_to_analysis,0.7
DAT_91b96a,ANA_29574c,dataset_to_analysis,0.7
DAT_91b96a,ANA_3c2d65,dataset_to_analysis,0.7
DAT_91b96a,ANA_7c7fe5,dataset_to_analysis,0.7
DAT_91b96a,ANA_56b170,dataset_to_analysis,0.7
DAT_91b96a,ANA_31fccc,dataset_to_analysis,0.7
DAT_91b96a,ANA_61d5bc,dataset_to_analysis,0.7
DAT_91b96a,ANA_8cbbef,dataset_to_analysis,0.7
DAT_91b96a,ANA_165407,dataset_to_analysis,0.7
DAT_91b96a,ANA_597a16,dataset_to_analysis,0.7
DAT_91b96a,ANA_6f03d1,dataset_to_analysis,0.7
DAT_0b0253,ANA_38fa95,dataset_to_analysis,0.7
DAT_0b0253,ANA_29574c,dataset_to_analysis,0.7
DAT_0b0253,ANA_3c2d65,dataset_to_analysis,0.7
DAT_0b0253,ANA_7c7fe5,dataset_to_analysis,0.7
DAT_0b0253,ANA_56b170,dataset_to_analysis,0.7
DAT_0b0253,ANA_31fccc,dataset_to_analysis,0.7
DAT_0b0253,ANA_61d5bc,dataset_to_analysis,0.7
DAT_0b0253,ANA_8cbbef,dataset_to_analysis,0.7
DAT_0b0253,ANA_165407,dataset_to_analysis,0.7
DAT_0b0253,ANA_597a16,dataset_to_analysis,0.7
DAT_0b0253,ANA_6f03d1,dataset_to_analysis,0.7
DAT_1321be,ANA_38fa95,dataset_to_analysis,0.7
DAT_1321be,ANA_29574c,dataset_to_analysis,0.7
DAT_1321be,ANA_3c2d65,dataset_to_analysis,0.7
DAT_1321be,ANA_7c7fe5,dataset_to_analysis,0.7
DAT_1321be,ANA_56b170,dataset_to_analysis,0.7
DAT_1321be,ANA_31fccc,dataset_to_analysis,0.7
DAT_1321be,ANA_61d5bc,dataset_to_analysis,0.7
DAT_1321be,ANA_8cbbef,dataset_to_analysis,0.7
DAT_1321be,ANA_165407,dataset_to_analysis,0.7
DAT_1321be,ANA_597a16,dataset_to_analysis,0.7
DAT_1321be,ANA_6f03d1,dataset_to_analysis,0.7
DAT_ba9389,ANA_38fa95,dataset_to_analysis,0.7
DAT_ba9389,ANA_29574c,dataset_to_analysis,0.7
DAT_ba9389,ANA_3c2d65,dataset_to_analysis,0.7
DAT_ba9389,ANA_7c7fe5,dataset_to_analysis,0.7
DAT_ba9389,ANA_56b170,dataset_to_analysis,0.7
DAT_ba9389,ANA_31fccc,dataset_to_analysis,0.7
DAT_ba9389,ANA_61d5bc,dataset_to_analysis,0.7
DAT_ba9389,ANA_8cbbef,dataset_to_analysis,0.7
DAT_ba9389,ANA_165407,dataset_to_analysis,0.7
DAT_ba9389,ANA_597a16,dataset_to_analysis,0.7
DAT_ba9389,ANA_6f03d1,dataset_to_analysis,0.7
DAT_57c632,ANA_38fa95,dataset_to_analysis,0.7
DAT_57c632,ANA_29574c,dataset_to_analysis,0.7
DAT_57c632,ANA_3c2d65,dataset_to_analysis,0.7
DAT_57c632,ANA_7c7fe5,dataset_to_analysis,0.7
DAT_57c632,ANA_56b170,dataset_to_analysis,0.7
DAT_57c632,ANA_31fccc,dataset_to_analysis,0.7
DAT_57c632,ANA_61d5bc,dataset_to_analysis,0.7
DAT_57c632,ANA_8cbbef,dataset_to_analysis,0.7
DAT_57c632,ANA_165407,dataset_to_analysis,0.7
DAT_57c632,ANA_597a16,dataset_to_analysis,0.7
DAT_57c632,ANA_6f03d1,dataset_to_analysis,0.7
DAT_2fa2f1,ANA_38fa95,dataset_to_analysis,0.7
DAT_2fa2f1,ANA_29574c,dataset_to_analysis,0.7
DAT_2fa2f1,ANA_3c2d65,dataset_to_analysis,0.7
DAT_2fa2f1,ANA_7c7fe5,dataset_to_analysis,0.7
DAT_2fa2f1,ANA_56b170,dataset_to_analysis,0.7
DAT_2fa2f1,ANA_31fccc,dataset_to_analysis,0.7
DAT_2fa2f1,ANA_61d5bc,dataset_to_analysis,0.7
DAT_2fa2f1,ANA_8cbbef,dataset_to_analysis,0.7
DAT_2fa2f1,ANA_165407,dataset_to_analysis,0.7
DAT_2fa2f1,ANA_597a16,dataset_to_analysis,0.7
DAT_2fa2f1,ANA_6f03d1,dataset_to_analysis,0.7
DAT_c9fb10,ANA_38fa95,dataset_to_analysis,0.7
DAT_c9fb10,ANA_29574c,dataset_to_analysis,0.7
DAT_c9fb10,ANA_3c2d65,dataset_to_analysis,0.7
DAT_c9fb10,ANA_7c7fe5,dataset_to_analysis,0.7
DAT_c9fb10,ANA_56b170,dataset_to_analysis,0.7
DAT_c9fb10,ANA_31fccc,dataset_to_analysis,0.7
DAT_c9fb10,ANA_61d5bc,dataset_to_analysis,0.7
DAT_c9fb10,ANA_8cbbef,dataset_to_analysis,0.7
DAT_c9fb10,ANA_165407,dataset_to_analysis,0.7
DAT_c9fb10,ANA_597a16,dataset_to_analysis,0.7
DAT_c9fb10,ANA_6f03d1,dataset_to_analysis,0.7
ANA_38fa95,CON_2e7f37,analysis_to_conclusion,0.7
ANA_38fa95,CON_88db2c,analysis_to_conclusion,0.7
ANA_29574c,CON_2e7f37,analysis_to_conclusion,0.7
ANA_29574c,CON_88db2c,analysis_to_conclusion,0.7
ANA_3c2d65,CON_2e7f37,analysis_to_conclusion,0.7
ANA_3c2d65,CON_88db2c,analysis_to_conclusion,0.7
ANA_7c7fe5,CON_2e7f37,analysis_to_conclusion,0.7
ANA_7c7fe5,CON_88db2c,analysis_to_conclusion,0.7
ANA_56b170,CON_2e7f37,analysis_to_conclusion,0.7
ANA_56b170,CON_88db2c,analysis_to_conclusion,0.7
ANA_31fccc,CON_2e7f37,analysis_to_conclusion,0.7
ANA_31fccc,CON_88db2c,analysis_to_conclusion,0.7
ANA_61d5bc,CON_2e7f37,analysis_to_conclusion,0.7
ANA_61d5bc,CON_88db2c,analysis_to_conclusion,0.7
ANA_8cbbef,CON_2e7f37,analysis_to_conclusion,0.7
ANA_8cbbef,CON_88db2c,analysis_to_conclusion,0.7
ANA_165407,CON_2e7f37,analysis_to_conclusion,0.7
ANA_165407,CON_88db2c,analysis_to_conclusion,0.7
ANA_597a16,CON_2e7f37,analysis_to_conclusion,0.7
ANA_597a16,CON_88db2c,analysis_to_conclusion,0.7
ANA_6f03d1,CON_2e7f37,analysis_to_conclusion,0.7
ANA_6f03d1,CON_88db2c,analysis_to_conclusion,0.7
